,Name,System,Username,RT,Pubchem,InChI,Time
1,epicatechin,FEM_long,jan,20.465,NA,"InChI=1S/C15H14O6/c16-8-4-11(18)9-6-13(20)15(21-14(9)5-8)7-1-2-10(17)12(19)3-7/h1-5,13,15-20H,6H2",5/12/2015 4:32
2,chrysin,FEM_long,jan,40.88,NA,"InChI=1S/C15H10O4/c16-10-6-11(17)15-12(18)8-13(19-14(15)7-10)9-4-2-1-3-5-9/h1-8,16-17H",9/2/2014 5:20
3,epicatechin gallate,FEM_long,jan,24.72,NA,"InChI=1S/C22H18O10/c23-11-6-14(25)12-8-19(32-22(30)10-4-16(27)20(29)17(28)5-10)21(31-18(12)7-11)9-1-2-13(24)15(26)3-9/h1-7,19,21,23-29H,8H2",9/2/2014 5:20
4,epigallocatechin,FEM_long,jan,16.505,NA,"InChI=1S/C15H14O7/c16-7-3-9(17)8-5-12(20)15(22-13(8)4-7)6-1-10(18)14(21)11(19)2-6/h1-4,12,15-21H,5H2",9/2/2014 5:20
5,epigallo-catechin gallate,FEM_long,jan,22.2925,NA,"InChI=1S/C22H18O11/c23-10-5-12(24)11-7-18(33-22(31)9-3-15(27)20(30)16(28)4-9)21(32-17(11)6-10)8-1-13(25)19(29)14(26)2-8/h1-6,18,21,23-30H,7H2",6/8/2015 7:19
6,"3,5-dihydroxybenzoic acid",FEM_long,jan,14.3,NA,"InChI=1S/C7H6O4/c8-5-1-4(7(10)11)2-6(9)3-5/h1-3,8-9H,(H,10,11)",9/2/2014 5:20
7,4-hydroxybenzoic acid,FEM_long,jan,17.48,NA,"InChI=1S/C7H6O3/c8-6-3-1-5(2-4-6)7(9)10/h1-4,8H,(H,9,10)",6/3/2015 1:35
8,astringin,FEM_long,jan,22.7,NA,"InChI=1S/C20H22O9/c21-9-16-17(25)18(26)19(27)20(29-16)28-13-6-11(5-12(22)8-13)2-1-10-3-4-14(23)15(24)7-10/h1-8,16-27H,9H2",5/12/2015 4:26
9,caffeic acid+catechin condensation product,FEM_long,jan,26.09,NA,"InChI=1S/C24H20O9/c25-14-3-1-10(5-17(14)28)12-8-21(31)32-20-9-16(27)13-7-19(30)23(33-24(13)22(12)20)11-2-4-15(26)18(29)6-11/h1-6,9,12,19,23,25-30H,7-8H2",9/2/2014 5:20
10,caftaric acid,FEM_long,jan,15.5,NA,"InChI=1S/C13H12O9/c14-7-3-1-6(5-8(7)15)2-4-9(16)22-11(13(20)21)10(17)12(18)19/h1-5,10-11,14-15,17H,(H,18,19)(H,20,21)",9/2/2014 5:20
11,cis-Îµ-viniferin,FEM_long,jan,33.46,NA,"InChI=1S/C28H22O6/c29-20-7-2-16(3-8-20)1-4-18-11-24(33)15-25-26(18)27(19-12-22(31)14-23(32)13-19)28(34-25)17-5-9-21(30)10-6-17/h1-15,27-33H",9/2/2014 5:20
12,cis-piceid,FEM_long,jan,27.25,NA,"InChI=1S/C20H22O8/c21-10-16-17(24)18(25)19(26)20(28-16)27-15-8-12(7-14(23)9-15)2-1-11-3-5-13(22)6-4-11/h1-9,16-26H,10H2",9/2/2014 5:20
13,cis-resveratrol,FEM_long,jan,30.35,NA,"InChI=1S/C14H12O3/c15-12-5-3-10(4-6-12)1-2-11-7-13(16)9-14(17)8-11/h1-9,15-17H",9/2/2014 5:20
14,ellagic acid,FEM_long,jan,30.2,NA,"InChI=1S/C14H6O8/c15-5-1-3-7-8-4(14(20)22-11(7)9(5)17)2-6(16)10(18)12(8)21-13(3)19/h1-2,15-18H",12/14/2018 7:34
15,epiafzelechin,FEM_long,jan,24.37,NA,"InChI=1S/C15H14O5/c16-9-3-1-8(2-4-9)15-13(19)7-11-12(18)5-10(17)6-14(11)20-15/h1-6,13,15-19H,7H2",9/2/2014 5:20
16,esculetin,FEM_long,jan,20.13,NA,"InChI=1S/C9H6O4/c10-6-3-5-1-2-9(12)13-8(5)4-7(6)11/h1-4,10-11H",9/2/2014 5:20
17,fertaric acid,FEM_long,jan,19.5,NA,"InChI=1S/C14H14O9/c1-22-9-6-7(2-4-8(9)15)3-5-10(16)23-12(14(20)21)11(17)13(18)19/h2-6,11-12,15,17H,1H3,(H,18,19)(H,20,21)",9/2/2014 5:20
18,fraxin,FEM_long,jan,20.87,NA,"InChI=1S/C16H18O10/c1-23-7-4-6-2-3-9(18)25-14(6)15(11(7)20)26-16-13(22)12(21)10(19)8(5-17)24-16/h2-4,8,10,12-13,16-17,19-22H,5H2,1H3",9/2/2014 5:20
19,hesperetin,FEM_long,jan,34.78,NA,"InChI=1S/C16H14O6/c1-21-13-3-2-8(4-10(13)18)14-7-12(20)16-11(19)5-9(17)6-15(16)22-14/h2-6,14,17-19H,7H2,1H3",9/2/2014 5:20
20,isohopeaphenol,FEM_long,jan,25.89,NA,"InChI=1S/C56H42O12/c57-29-9-1-25(2-10-29)45-47-37(17-33(61)21-41(47)65)53-49-39(19-35(63)23-43(49)67-55(53)27-5-13-31(59)14-6-27)51(45)52-40-20-36(64)24-44-50(40)54(56(68-44)28-7-15-32(60)16-8-28)38-18-34(62)22-42(66)48(38)46(52)26-3-11-30(58)12-4-26/h1-24,45-46,51-66H",11/8/2018 11:39
21,isorhamnetin 3-glucoside,FEM_long,jan,31.53,NA,"InChI=1S/C22H22O12/c1-31-12-4-8(2-3-10(12)25)20-21(17(28)15-11(26)5-9(24)6-13(15)32-20)34-22-19(30)18(29)16(27)14(7-23)33-22/h2-6,14,16,18-19,22-27,29-30H,7H2,1H3",12/12/2018 9:45
22,isorhamnetin 3-rutinoside,FEM_long,jan,31.7,NA,"InChI=1S/C28H32O16/c1-9-18(32)21(35)23(37)27(41-9)40-8-16-19(33)22(36)24(38)28(43-16)44-26-20(34)17-13(31)6-11(29)7-15(17)42-25(26)10-3-4-12(30)14(5-10)39-2/h3-7,9,16,18-19,21-24,27-33,35-38H,8H2,1-2H3",11/29/2018 9:43
23,isorhapontin,FEM_long,jan,26.13,NA,"InChI=1S/C21H24O9/c1-28-16-8-11(4-5-15(16)24)2-3-12-6-13(23)9-14(7-12)29-21-20(27)19(26)18(25)17(10-22)30-21/h2-9,17-27H,10H2,1H3",9/2/2014 5:20
24,kaempferol 3-glucoside,FEM_long,jan,31.25,NA,"InChI=1S/C21H20O11/c22-7-13-15(26)17(28)18(29)21(31-13)32-20-16(27)14-11(25)5-10(24)6-12(14)30-19(20)8-1-3-9(23)4-2-8/h1-6,13,15,17-18,21-26,28-29H,7H2",11/29/2018 11:16
25,kaempferol 3-rutinoside,FEM_long,jan,31.35,NA,"InChI=1S/C27H30O15/c1-9-17(31)20(34)22(36)26(39-9)38-8-15-18(32)21(35)23(37)27(41-15)42-25-19(33)16-13(30)6-12(29)7-14(16)40-24(25)10-2-4-11(28)5-3-10/h2-7,9,15,17-18,20-23,26-32,34-37H,8H2,1H3",11/29/2018 8:12
26,luteolin 7-glucoside,FEM_long,jan,28.06,NA,"InChI=1S/C21H20O11/c22-7-16-18(27)19(28)20(29)21(32-16)30-9-4-12(25)17-13(26)6-14(31-15(17)5-9)8-1-2-10(23)11(24)3-8/h1-6,16,18-25,27-29H,7H2",9/2/2014 5:20
27,methyl gallate,FEM_long,jan,18.2,NA,"InChI=1S/C8H8O5/c1-13-8(12)4-2-5(9)7(11)6(10)3-4/h2-3,9-11H,1H3",9/2/2014 5:20
28,myricetin,FEM_long,jan,30.89,NA,"InChI=1S/C15H10O8/c16-6-3-7(17)11-10(4-6)23-15(14(22)13(11)21)5-1-8(18)12(20)9(19)2-5/h1-4,16-20,22H",8/17/2018 6:24
29,naringenin,FEM_long,jan,33.75,NA,"InChI=1S/C15H12O5/c16-9-3-1-8(2-4-9)13-7-12(19)15-11(18)5-10(17)6-14(15)20-13/h1-6,13,16-18H,7H2",9/2/2014 5:20
30,naringenin 7-glucoside,FEM_long,jan,27.94,NA,"InChI=1S/C21H22O10/c22-8-16-18(26)19(27)20(28)21(31-16)29-11-5-12(24)17-13(25)7-14(30-15(17)6-11)9-1-3-10(23)4-2-9/h1-6,14,16,18-24,26-28H,7-8H2",9/2/2014 5:20
31,o-coumaric acid,FEM_long,jan,28.05,NA,"InChI=1S/C9H8O3/c10-8-4-2-1-3-7(8)5-6-9(11)12/h1-6,10H,(H,11,12)",9/2/2014 5:20
32,oxovitisin A,FEM_long,jan,33.21,NA,"InChI=1S/C25H24O13/c1-33-14-3-9(4-15(34-2)19(14)29)23-24(38-25-22(32)21(31)20(30)16(8-26)37-25)11-7-17(28)35-12-5-10(27)6-13(36-23)18(11)12/h3-7,16,20-22,25-27,29-32H,8H2,1-2H3",9/2/2014 5:20
33,pallidol,FEM_long,jan,25.92,NA,"InChI=1S/C28H22O6/c29-15-5-1-13(2-6-15)23-25-19(9-17(31)11-21(25)33)28-24(14-3-7-16(30)8-4-14)26-20(27(23)28)10-18(32)12-22(26)34/h1-12,23-24,27-34H",9/2/2014 5:20
34,phloridzin,FEM_long,jan,29.6,NA,"InChI=1S/C21H24O10/c22-9-16-18(27)19(28)20(29)21(31-16)30-15-8-12(24)7-14(26)17(15)13(25)6-3-10-1-4-11(23)5-2-10/h1-2,4-5,7-8,16,18-24,26-29H,3,6,9H2",9/2/2014 5:20
35,piceatanol,FEM_long,jan,26.54,NA,"InChI=1S/C14H12O4/c15-11-5-10(6-12(16)8-11)2-1-9-3-4-13(17)14(18)7-9/h1-8,15-18H",9/2/2014 5:20
36,procyanidin B1,FEM_long,jan,18.1425,NA,"InChI=1S/C30H26O12/c31-13-7-20(37)24-23(8-13)41-29(12-2-4-16(33)19(36)6-12)27(40)26(24)25-21(38)10-17(34)14-9-22(39)28(42-30(14)25)11-1-3-15(32)18(35)5-11/h1-8,10,22,26-29,31-40H,9H2",11/8/2018 11:39
37,pterostilbene,FEM_long,jan,41.38,NA,"InChI=1S/C16H16O3/c1-18-15-9-13(10-16(11-15)19-2)4-3-12-5-7-14(17)8-6-12/h3-11,17H,1-2H3",9/2/2014 5:20
38,"quercetin 3,4'-diglucoside",FEM_long,jan,26.07,NA,"InChI=1S/C27H30O17/c28-6-14-17(33)20(36)22(38)26(42-14)41-12-2-1-8(3-10(12)31)24-25(19(35)16-11(32)4-9(30)5-13(16)40-24)44-27-23(39)21(37)18(34)15(7-29)43-27/h1-5,14-15,17-18,20-23,26-34,36-39H,6-7H2",11/29/2018 8:12
39,quercetin 3-glucuronide,FEM_long,jan,28.45,NA,"InChI=1S/C21H18O13/c22-7-4-10(25)12-11(5-7)32-17(6-1-2-8(23)9(24)3-6)18(13(12)26)33-21-16(29)14(27)15(28)19(34-21)20(30)31/h1-5,14-16,19,21-25,27-29H,(H,30,31)",9/2/2014 5:20
40,quercetin 4'-glucoside,FEM_long,jan,30.4,NA,"InChI=1S/C21H20O12/c22-6-13-15(26)17(28)19(30)21(33-13)32-11-2-1-7(3-9(11)24)20-18(29)16(27)14-10(25)4-8(23)5-12(14)31-20/h1-5,13,15,17,19,21-26,28-30H,6H2",9/2/2014 5:20
41,quercetin 3-sulfate,FEM_long,jan,27.4,NA,"InChI=1S/C15H10O10S/c16-7-4-10(19)12-11(5-7)24-14(6-1-2-8(17)9(18)3-6)15(13(12)20)25-26(21,22)23/h1-5,16-19H,(H,21,22,23)",11/8/2018 11:39
42,quercetin 3-glucoside,FEM_long,jan,29.1,NA,"InChI=1S/C21H20O12/c22-6-12(27)19-16(29)17(30)21(32-19)33-20-15(28)14-11(26)4-8(23)5-13(14)31-18(20)7-1-2-9(24)10(25)3-7/h1-5,12,16-17,19,21-27,29-30H,6H2",9/2/2014 5:20
43,quercetin 3-rutinoside,FEM_long,jan,29.1,NA,"InChI=1S/C27H30O16/c1-8-17(32)20(35)22(37)26(40-8)39-7-15-18(33)21(36)23(38)27(42-15)43-25-19(34)16-13(31)5-10(28)6-14(16)41-24(25)9-2-3-11(29)12(30)4-9/h2-6,8,15,17-18,20-23,26-33,35-38H,7H2,1H3",12/12/2018 9:45
44,syringic acid,FEM_long,jan,21.9,NA,"InChI=1S/C9H10O5/c1-13-6-3-5(9(11)12)4-7(14-2)8(6)10/h3-4,10H,1-2H3,(H,11,12)",9/2/2014 5:20
45,taxifolin,FEM_long,jan,25.27,NA,"InChI=1S/C15H12O7/c16-7-4-10(19)12-11(5-7)22-15(14(21)13(12)20)6-1-2-8(17)9(18)3-6/h1-5,14-19,21H",5/17/2016 4:08
46,trans coutaric acid,FEM_long,jan,17.99,NA,"InChI=1S/C13H12O8/c14-8-4-1-7(2-5-8)3-6-9(15)21-11(13(19)20)10(16)12(17)18/h1-6,10-11,14,16H,(H,17,18)(H,19,20)",9/2/2014 5:20
47,trilobatin,FEM_long,jan,31.32,NA,"InChI=1S/C21H24O10/c22-8-14-17(27)19(29)20(30)21(31-14)16-13(26)7-12(25)15(18(16)28)11(24)6-3-9-1-4-10(23)5-2-9/h1-2,4-5,7,14,17,19-23,25-30H,3,6,8H2",9/2/2014 5:20
48,rhamnazin,FEM_long,jan,42.2,NA,"InChI=1S/C17H14O7/c1-22-9-6-11(19)14-13(7-9)24-17(16(21)15(14)20)8-3-4-10(18)12(5-8)23-2/h3-7,18-19,21H,1-2H3",9/2/2014 5:20
49,naringin,FEM_long,jan,28.6,NA,"InChI=1S/C27H32O14/c1-10-20(32)22(34)24(36)26(37-10)41-25-23(35)21(33)18(9-28)40-27(25)38-13-6-14(30)19-15(31)8-16(39-17(19)7-13)11-2-4-12(29)5-3-11/h2-7,10,16,18,20-30,32-36H,8-9H2,1H3",9/2/2014 5:20
50,methyl-glucuronide,FEM_long,jan,2.4,NA,"InChI=1S/C7H12O7/c1-13-7-4(10)2(8)3(9)5(14-7)6(11)12/h2-5,7-10H,1H3,(H,11,12)",9/2/2014 5:20
51,genipin,FEM_long,jan,24.2,NA,"InChI=1S/C11H14O5/c1-15-10(13)8-5-16-11(14)9-6(4-12)2-3-7(8)9/h2,5,7,9,11-12,14H,3-4H2,1H3",9/2/2014 5:20
52,vitisin A,FEM_long,jan,28.3,NA,"InChI=1S/C26H24O14/c1-35-14-3-9(4-15(36-2)19(14)29)23-24(40-26-22(32)21(31)20(30)17(8-27)39-26)11-7-16(25(33)34)37-12-5-10(28)6-13(38-23)18(11)12/h3-7,17,20-22,26-27,30-32H,8H2,1-2H3,(H2-,28,29,33,34)",9/2/2014 5:20
53,vitisin B,FEM_long,jan,26.994,NA,"InChI=1S/C25H24O12/c1-32-15-5-10(6-16(33-2)19(15)28)23-24(37-25-22(31)21(30)20(29)17(9-26)36-25)12-3-4-34-13-7-11(27)8-14(35-23)18(12)13/h3-8,17,20-22,25-26,29-31H,9H2,1-2H3,(H-,27,28)",9/2/2014 5:20
54,methylpyrano malvidin 3-glucoside,FEM_long,jan,28.63,NA,"InChI=1S/C26H26O12/c1-10-4-13-19-14(35-10)7-12(28)8-15(19)36-24(11-5-16(33-2)20(29)17(6-11)34-3)25(13)38-26-23(32)22(31)21(30)18(9-27)37-26/h4-8,18,21-23,26-27,30-32H,9H2,1-3H3,(H-,28,29)",9/2/2014 5:20
55,ethyl gallate ,FEM_long,jan,23.02,NA,"InChI=1S/C9H10O5/c1-2-14-9(13)5-3-6(10)8(12)7(11)4-5/h3-4,10-12H,2H2,1H3",9/2/2014 5:20
56,(+)-catechin gallate,FEM_long,jan,25.915,NA,"InChI=1S/C22H18O10/c23-11-6-18-12(8-17(28)21(31-18)9-1-2-13(24)14(25)3-9)19(7-11)32-22(30)10-4-15(26)20(29)16(27)5-10/h1-7,17,21,23-29H,8H2",9/2/2014 5:20
57,(Â±)-theaspirane,FEM_long,jan,48.08,NA,"InChI=1S/C13H22O/c1-10-6-5-8-12(3,4)13(10)9-7-11(2)14-13/h6,11H,5,7-9H2,1-4H3",9/2/2014 5:20
58,(R)-(+)-pulegone,FEM_long,jan,38.9,NA,"InChI=1S/C10H16O/c1-7(2)9-5-4-8(3)6-10(9)11/h8H,4-6H2,1-3H3",9/2/2014 5:20
59,"1,3 diaminopropane ",FEM_long,jan,1,NA,InChI=1S/C3H10N2/c4-2-1-3-5/h1-5H2,9/2/2014 5:20
60,"1,3 - dicaffeoylquinic acid",FEM_long,jan,24.88,NA,"InChI=1S/C25H24O12/c26-15-5-1-13(9-17(15)28)3-7-21(31)36-20-12-25(24(34)35,11-19(30)23(20)33)37-22(32)8-4-14-2-6-16(27)18(29)10-14/h1-10,19-20,23,26-30,33H,11-12H2,(H,34,35)",5/17/2016 5:41
61,"1,4-diaminobutane",FEM_long,jan,1.1,NA,InChI=1S/C4H12N2/c5-3-1-2-4-6/h1-6H2,9/2/2014 5:20
62,"15(S)hydroxy-(5Z,8Z,11Z,13E)-eicosatetraenoic acid",FEM_long,jan,50.41,NA,"InChI=1S/C20H32O3/c1-2-3-13-16-19(21)17-14-11-9-7-5-4-6-8-10-12-15-18-20(22)23/h4-5,8-11,14,17,19,21H,2-3,6-7,12-13,15-16,18H2,1H3,(H,22,23)",9/2/2014 5:20
63,1H-indol-3-ylacetic acid,FEM_long,jan,26.605,NA,"InChI=1S/C10H9NO2/c12-10(13)5-7-6-11-9-4-2-1-3-8(7)9/h1-4,6,11H,5H2,(H,12,13)",9/2/2014 5:20
64,"2,6-dihydroxybenzoic acid",FEM_long,jan,16.9,NA,"InChI=1S/C7H6O4/c8-4-2-1-3-5(9)6(4)7(10)11/h1-3,8-9H,(H,10,11)",9/2/2014 5:20
65,2'-deoxyguanosine-5'-phosphate,FEM_long,jan,7.99,NA,"InChI=1S/C10H14N5O7P/c11-10-13-8-7(9(17)14-10)12-3-15(8)6-1-4(16)5(22-6)2-21-23(18,19)20/h3-6,16H,1-2H2,(H2,18,19,20)(H3,11,13,14,17)",6/8/2015 8:40
66,2-keto-D-gluconic acid,FEM_long,jan,1.4,NA,"InChI=1S/C6H10O7/c7-1-2(8)3(9)4(10)5(11)6(12)13/h2-4,7-10H,1H2,(H,12,13)",9/2/2014 5:20
67,2-ketoglutaric acid,FEM_long,jan,2.2,NA,"InChI=1S/C5H6O5/c6-3(5(9)10)1-2-4(7)8/h1-2H2,(H,7,8)(H,9,10)",5/17/2016 4:08
68,2-methoxy-4-vinylphenol,FEM_long,jan,31.3,NA,"InChI=1S/C9H10O2/c1-3-7-4-5-8(10)9(6-7)11-2/h3-6,10H,1H2,2H3",9/2/2014 5:20
69,2-methyl butyric acid,FEM_long,jan,22.2,NA,"InChI=1S/C5H10O2/c1-3-4(2)5(6)7/h4H,3H2,1-2H3,(H,6,7)",9/2/2014 5:20
70,2-methylbutylamine,FEM_long,jan,6.5,NA,"InChI=1S/C5H13N/c1-3-5(2)4-6/h5H,3-4,6H2,1-2H3",9/2/2014 5:20
71,2-phenoxyethyl isobutyrate ,FEM_long,jan,40.2,NA,"InChI=1S/C12H16O3/c1-10(2)12(13)15-9-8-14-11-6-4-3-5-7-11/h3-7,10H,8-9H2,1-2H3",9/2/2014 5:20
72,2-pyrrolidinone,FEM_long,jan,5.9,NA,"InChI=1S/C4H7NO/c6-4-2-1-3-5-4/h1-3H2,(H,5,6)",9/2/2014 5:20
73,3-ethoxy-4-hydroxybenzaldehyde,FEM_long,jan,27.25,NA,"InChI=1S/C9H10O3/c1-2-12-9-5-7(6-10)3-4-8(9)11/h3-6,11H,2H2,1H3",9/2/2014 5:20
74,3-hydroxy-3-methyl glutaric acid,FEM_long,jan,7.04,NA,"InChI=1S/C6H10O5/c1-6(11,2-4(7)8)3-5(9)10/h11H,2-3H2,1H3,(H,7,8)(H,9,10)",9/2/2014 5:20
75,3-hydroxybenzaldehyd,FEM_long,jan,20.3,NA,"InChI=1S/C7H6O2/c8-5-6-2-1-3-7(9)4-6/h1-5,9H",9/2/2014 5:20
76,3-methyl indole,FEM_long,jan,34.1,NA,"InChI=1S/C9H9N/c1-7-6-10-9-5-3-2-4-8(7)9/h2-6,10H,1H3",9/2/2014 5:20
77,4-(4-hydroxyphenyl)butan-2-one,FEM_long,jan,24.6,NA,"InChI=1S/C10H12O2/c1-8(11)2-3-9-4-6-10(12)7-5-9/h4-7,12H,2-3H2,1H3",9/2/2014 5:20
78,4-aminobenzoic acid,FEM_long,jan,12.29,NA,"InChI=1S/C7H7NO2/c8-6-3-1-5(2-4-6)7(9)10/h1-4H,8H2,(H,9,10)",9/2/2014 5:20
79,4-dimethylaminocinnamaldehyde,FEM_long,jan,34.5,NA,"InChI=1S/C11H13NO/c1-12(2)11-7-5-10(6-8-11)4-3-9-13/h3-9H,1-2H3",5/17/2016 4:08
80,4-hydroxycoumarin,FEM_long,jan,24.2,NA,"InChI=1S/C9H6O3/c10-7-5-9(11)12-8-4-2-1-3-6(7)8/h1-5,11H",9/2/2014 5:20
81,4-methylumbelliferone,FEM_long,jan,27.81,NA,"InChI=1S/C10H8O3/c1-6-4-10(12)13-9-5-7(11)2-3-8(6)9/h2-5,11H,1H3",9/2/2014 5:20
82,4-stilbenol,FEM_long,jan,41.8,NA,"InChI=1S/C14H12O/c15-14-10-8-13(9-11-14)7-6-12-4-2-1-3-5-12/h1-11,15H",9/2/2014 5:20
83,5-hydroxymethyl-2-furaldehyde,FEM_long,jan,11.94,NA,"InChI=1S/C6H6O3/c7-3-5-1-2-6(4-8)9-5/h1-3,8H,4H2",9/2/2014 5:20
84,5-keto-D-gluconic acid,FEM_long,jan,1.42,NA,"InChI=1S/C6H10O7/c7-1-2(8)3(9)4(10)5(11)6(12)13/h3-5,7,9-11H,1H2,(H,12,13)",9/2/2014 5:20
85,5-methyl furfural,FEM_long,jan,20.29,NA,"InChI=1S/C6H6O2/c1-5-2-3-6(4-7)8-5/h2-4H,1H3",9/2/2014 5:20
86,6-methoxyflavone,FEM_long,jan,42.9,NA,"InChI=1S/C16H12O3/c1-18-12-7-8-15-13(9-12)14(17)10-16(19-15)11-5-3-2-4-6-11/h2-10H,1H3",9/2/2014 5:20
87,abscisic acid,FEM_long,jan,31.3,NA,"InChI=1S/C15H20O4/c1-10(7-13(17)18)5-6-15(19)11(2)8-12(16)9-14(15,3)4/h5-8,19H,9H2,1-4H3,(H,17,18)",9/2/2014 5:20
88,Acetovanillone,FEM_long,jan,23.9,NA,"InChI=1S/C9H10O3/c1-6(10)7-3-4-8(11)9(5-7)12-2/h3-5,11H,1-2H3",9/2/2014 5:20
89,acetylcysteine,FEM_long,jan,7.995,NA,"InChI=1S/C5H9NO3S/c1-3(7)6-4(2-10)5(8)9/h4,10H,2H2,1H3,(H,6,7)(H,8,9)",9/2/2014 5:20
90,adenosine 2'-monophosphate,FEM_long,jan,10.895,NA,"InChI=1S/C10H14N5O7P/c11-8-5-9(13-2-12-8)15(3-14-5)10-7(22-23(18,19)20)6(17)4(1-16)21-10/h2-4,6-7,10,16-17H,1H2,(H2,11,12,13)(H2,18,19,20)",11/29/2018 8:12
91,adenosine 5â€²-monophosphate,FEM_long,jan,4.08,NA,"InChI=1S/C10H14N5O7P/c11-8-5-9(13-2-12-8)15(3-14-5)10-7(17)6(16)4(22-10)1-21-23(18,19)20/h2-4,6-7,10,16-17H,1H2,(H2,11,12,13)(H2,18,19,20)",9/2/2014 5:20
92,Adenylosuccinic acid,FEM_long,jan,12.715,NA,"InChI=1S/C14H18N5O11P/c20-7(21)1-5(14(24)25)18-11-8-12(16-3-15-11)19(4-17-8)13-10(23)9(22)6(30-13)2-29-31(26,27)28/h3-6,9-10,13,22-23H,1-2H2,(H,20,21)(H,24,25)(H,15,16,18)(H2,26,27,28)",9/2/2014 5:20
93,adipic acid ,FEM_long,jan,15.5,NA,"InChI=1S/C6H10O4/c7-5(8)3-1-2-4-6(9)10/h1-4H2,(H,7,8)(H,9,10)",9/2/2014 5:20
94,adonitol,FEM_long,jan,1.381666667,NA,"InChI=1S/C5H12O5/c6-1-3(8)5(10)4(9)2-7/h3-10H,1-2H2",9/2/2014 5:20
95,agmatine,FEM_long,jan,1.185,NA,"InChI=1S/C5H14N4/c6-3-1-2-4-9-5(7)8/h1-4,6H2,(H4,7,8,9)",9/2/2014 5:20
96,alanine,FEM_long,jan,0.69,NA,"InChI=1S/C3H7NO2/c1-2(4)3(5)6/h2H,4H2,1H3,(H,5,6)",6/8/2015 8:11
97,allose,FEM_long,jan,1.34875,NA,"InChI=1S/C6H12O6/c7-1-2-3(8)4(9)5(10)6(11)12-2/h2-11H,1H2",9/2/2014 5:20
98,Alpha lipoamide,FEM_long,jan,29,NA,"InChI=1S/C8H15NOS2/c9-8(10)4-2-1-3-7-5-6-11-12-7/h7H,1-6H2,(H2,9,10)",9/2/2014 5:20
99,alpha-tocopherol,FEM_long,jan,59.2,NA,"InChI=1S/C29H50O2/c1-20(2)12-9-13-21(3)14-10-15-22(4)16-11-18-29(8)19-17-26-25(7)27(30)23(5)24(6)28(26)31-29/h20-22,30H,9-19H2,1-8H3",9/2/2014 5:20
100,altrose ,FEM_long,jan,1.4275,NA,"InChI=1S/C6H12O6/c7-1-3(9)5(11)6(12)4(10)2-8/h1,3-6,8-12H,2H2",9/2/2014 5:20
101,ampelopsin D + quadrangularin A,FEM_long,jan,26.215,NA,"InChI=1S/C28H22O6/c29-18-5-1-15(2-6-18)9-23-24-13-22(33)14-25(34)28(24)27(16-3-7-19(30)8-4-16)26(23)17-10-20(31)12-21(32)11-17/h1-14,26-27,29-34H",9/2/2014 5:20
102,ampelopsin H,FEM_long,jan,29.775,NA,"InChI=1S/C56H42O12/c57-31-9-1-25(2-10-31)43-47-39(65)23-41-49(45(29-17-35(61)21-36(62)18-29)55(67-41)27-5-13-33(59)14-6-27)53(47)52-44(26-3-11-32(58)12-4-26)48-40(66)24-42-50(54(48)51(43)52)46(30-19-37(63)22-38(64)20-30)56(68-42)28-7-15-34(60)16-8-28/h1-24,43-46,51-52,55-66H",9/2/2014 5:20
103,amygdalin,FEM_long,jan,19.3,NA,"InChI=1S/C20H27NO11/c21-6-10(9-4-2-1-3-5-9)30-20-18(28)16(26)14(24)12(32-20)8-29-19-17(27)15(25)13(23)11(7-22)31-19/h1-5,10-20,22-28H,7-8H2",9/2/2014 5:20
104,anisaldehyde,FEM_long,jan,27.1,NA,"InChI=1S/C8H8O2/c1-10-8-4-2-7(6-9)3-5-8/h2-6H,1H3",9/2/2014 5:20
105,anthranilic acid,FEM_long,jan,19.095,NA,"InChI=1S/C7H7NO2/c8-6-4-2-1-3-5(6)7(9)10/h1-4H,8H2,(H,9,10)",11/8/2018 11:39
106,apigenin,FEM_long,jan,37.1,NA,"InChI=1S/C15H10O5/c16-9-3-1-8(2-4-9)13-7-12(19)15-11(18)5-10(17)6-14(15)20-13/h1-7,16-18H",9/2/2014 5:20
107,apigenin-7-O-glucoside,FEM_long,jan,28.915,NA,"InChI=1S/C21H20O10/c22-8-16-18(26)19(27)20(28)21(31-16)29-11-5-12(24)17-13(25)7-14(30-15(17)6-11)9-1-3-10(23)4-2-9/h1-7,16,18-24,26-28H,8H2",9/2/2014 5:20
108,apiin,FEM_long,jan,29.56,NA,"InChI=1S/C26H28O14/c27-8-18-20(32)21(33)22(40-25-23(34)26(35,9-28)10-36-25)24(39-18)37-13-5-14(30)19-15(31)7-16(38-17(19)6-13)11-1-3-12(29)4-2-11/h1-7,18,20-25,27-30,32-35H,8-10H2",9/2/2014 5:20
109,arabinose,FEM_long,jan,1.4075,NA,"InChI=1S/C5H10O5/c6-1-3(8)5(10)4(9)2-7/h1,3-5,7-10H,2H2",9/2/2014 5:20
110,arachidonic acid,FEM_long,jan,53.5,NA,"InChI=1S/C20H32O2/c1-2-3-4-5-6-7-8-9-10-11-12-13-14-15-16-17-18-19-20(21)22/h6-7,9-10,12-13,15-16H,2-5,8,11,14,17-19H2,1H3,(H,21,22)",9/2/2014 5:20
111,arbutin,FEM_long,jan,7.605,NA,"InChI=1S/C12H16O7/c13-5-8-9(15)10(16)11(17)12(19-8)18-7-3-1-6(14)2-4-7/h1-4,8-17H,5H2",9/2/2014 5:20
112,a-viniferin,FEM_long,jan,32.975,NA,"InChI=1S/C42H30O9/c43-22-7-1-19(2-8-22)40-37-28-13-25(46)17-32-35(28)39(42(50-32)21-5-11-24(45)12-6-21)30-15-27(48)18-33-36(30)38(29-14-26(47)16-31(49-40)34(29)37)41(51-33)20-3-9-23(44)10-4-20/h1-18,37-48H",9/2/2014 5:20
113,baicalein,FEM_long,jan,36.65,NA,"InChI=1S/C15H10O5/c16-9-6-11(8-4-2-1-3-5-8)20-12-7-10(17)14(18)15(19)13(9)12/h1-7,17-19H",9/2/2014 5:20
114,behenic acid,FEM_long,jan,58.7,NA,"InChI=1S/C22H44O2/c1-2-3-4-5-6-7-8-9-10-11-12-13-14-15-16-17-18-19-20-21-22(23)24/h2-21H2,1H3,(H,23,24)",11/8/2018 11:39
115,benzoic acid,FEM_long,jan,26.2,NA,"InChI=1S/C7H6O2/c8-7(9)6-4-2-1-3-5-6/h1-5H,(H,8,9)",11/8/2018 11:39
116,benzophenone,FEM_long,jan,39.1,NA,InChI=1S/C13H10O/c14-13(11-7-3-1-4-8-11)12-9-5-2-6-10-12/h1-10H,9/2/2014 5:20
117,benzyl benzoate,FEM_long,jan,43.5,NA,"InChI=1S/C14H12O2/c15-14(13-9-5-2-6-10-13)16-11-12-7-3-1-4-8-12/h1-10H,11H2",9/2/2014 5:20
118,betaine,FEM_long,jan,1.375,NA,"InChI=1S/C5H11NO2/c1-6(2,3)4-5(7)8/h4H2,1-3H3",9/2/2014 5:20
119,beta-resorcylic acid,FEM_long,jan,19.6,NA,"InChI=1S/C7H6O4/c8-4-1-2-5(7(10)11)6(9)3-4/h1-3,8-9H,(H,10,11)",9/2/2014 5:20
120,betulinic acid,FEM_long,jan,53.2,NA,"InChI=1S/C30H48O3/c1-18(2)19-10-15-30(25(32)33)17-16-28(6)20(24(19)30)8-9-22-27(5)13-12-23(31)26(3,4)21(27)11-14-29(22,28)7/h19-24,31H,1,8-17H2,2-7H3,(H,32,33)",9/2/2014 5:20
121,bilirubin,FEM_long,jan,56.41,NA,"InChI=1S/C33H36N4O6/c1-7-20-19(6)32(42)37-27(20)14-25-18(5)23(10-12-31(40)41)29(35-25)15-28-22(9-11-30(38)39)17(4)24(34-28)13-26-16(3)21(8-2)33(43)36-26/h7-8,13-14,34-35H,1-2,9-12,15H2,3-6H3,(H,36,43)(H,37,42)(H,38,39)(H,40,41)",9/2/2014 5:20
122,b-ionol,FEM_long,jan,46.3,NA,"InChI=1S/C13H22O/c1-10-6-5-9-13(3,4)12(10)8-7-11(2)14/h7-8,11,14H,5-6,9H2,1-4H3",9/2/2014 5:20
123,biotin,FEM_long,jan,21.6,NA,"InChI=1S/C10H16N2O3S/c13-8(14)4-2-1-3-7-9-6(5-16-7)11-10(15)12-9/h6-7,9H,1-5H2,(H,13,14)(H2,11,12,15)",9/2/2014 5:20
124,Butyl stearate,FEM_long,jan,59.54,NA,"InChI=1S/C22H44O2/c1-3-5-7-8-9-10-11-12-13-14-15-16-17-18-19-20-22(23)24-21-6-4-2/h3-21H2,1-2H3",9/2/2014 5:20
125,cadaverine,FEM_long,jan,1.1,NA,InChI=1S/C5H14N2/c6-4-2-1-3-5-7/h1-7H2,9/2/2014 5:20
126,caffeic acid,FEM_long,jan,20.7,NA,"InChI=1S/C9H8O4/c10-7-3-1-6(5-8(7)11)2-4-9(12)13/h1-5,10-11H,(H,12,13)",6/8/2015 6:12
127,caffeine,FEM_long,jan,20.37,NA,"InChI=1S/C8H10N4O2/c1-10-4-9-6-5(10)7(13)12(3)8(14)11(6)2/h4H,1-3H3",9/2/2014 5:20
128,camphor,FEM_long,jan,36.5,NA,"InChI=1S/C10H16O/c1-9(2)7-4-5-10(9,3)8(11)6-7/h7H,4-6H2,1-3H3",9/2/2014 5:20
129,cellobiose ,FEM_long,jan,1.55,NA,"InChI=1S/C12H22O11/c13-1-3-5(15)6(16)9(19)12(22-3)23-10-4(2-14)21-11(20)8(18)7(10)17/h3-20H,1-2H2",11/29/2018 9:43
130,chenodeoxycholic acid,FEM_long,jan,49.4,NA,"InChI=1S/C24H40O4/c1-14(4-7-21(27)28)17-5-6-18-22-19(9-11-24(17,18)3)23(2)10-8-16(25)12-15(23)13-20(22)26/h14-20,22,25-26H,4-13H2,1-3H3,(H,27,28)",9/2/2014 5:20
131,chinchonidine sulphate,FEM_long,jan,19.15,NA,"InChI=1S/C19H22N2O/c1-2-13-12-21-10-8-14(13)11-18(21)19(22)16-7-9-20-17-6-4-3-5-15(16)17/h2-7,9,13-14,18-19,22H,1,8,10-12H2",9/2/2014 5:20
132,chlorogenic acid,FEM_long,jan,18,NA,"InChI=1S/C16H18O9/c17-9-3-1-8(5-10(9)18)2-4-13(20)25-12-7-16(24,15(22)23)6-11(19)14(12)21/h1-5,11-12,14,17-19,21,24H,6-7H2,(H,22,23)",9/2/2014 5:20
133,cholesterol,FEM_long,jan,60.2,NA,"InChI=1S/C27H46O/c1-18(2)7-6-8-19(3)23-11-12-24-22-10-9-20-17-21(28)13-15-26(20,4)25(22)14-16-27(23,24)5/h9,18-19,21-25,28H,6-8,10-17H2,1-5H3",9/2/2014 5:20
134,"Cholesterol 5-Î±,6-Î±-epoxide",FEM_long,jan,57.7,NA,"InChI=1S/C27H46O2/c1-17(2)7-6-8-18(3)21-9-10-22-20-15-24-27(29-24)16-19(28)11-14-26(27,5)23(20)12-13-25(21,22)4/h17-24,28H,6-16H2,1-5H3",9/2/2014 5:20
135,cholic acid,FEM_long,jan,46.805,NA,"InChI=1S/C24H40O5/c1-13(4-7-21(28)29)16-5-6-17-22-18(12-20(27)24(16,17)3)23(2)9-8-15(25)10-14(23)11-19(22)26/h13-20,22,25-27H,4-12H2,1-3H3,(H,28,29)",9/2/2014 5:20
136,choline,FEM_long,jan,1.4,NA,"InChI=1S/C5H14NO/c1-6(2,3)4-5-7/h7H,4-5H2,1-3H3",9/2/2014 5:20
137,cinnamic acid,FEM_long,jan,31.8,NA,"InChI=1S/C9H8O2/c10-9(11)7-6-8-4-2-1-3-5-8/h1-7H,(H,10,11)",6/8/2015 6:46
138,cis-11-eicosenoic acid,FEM_long,jan,56.2,NA,"InChI=1S/C20H38O2/c1-2-3-4-5-6-7-8-9-10-11-12-13-14-15-16-17-18-19-20(21)22/h9-10H,2-8,11-19H2,1H3,(H,21,22)",9/2/2014 5:20
139,citramalic acid,FEM_long,jan,5.185,NA,"InChI=1S/C5H8O5/c1-5(10,4(8)9)2-3(6)7/h10H,2H2,1H3,(H,6,7)(H,8,9)",9/2/2014 5:20
140,citric acid,FEM_long,jan,3.91,NA,"InChI=1S/C6H8O7/c7-3(8)1-6(13,5(11)12)2-4(9)10/h13H,1-2H2,(H,7,8)(H,9,10)(H,11,12)",9/2/2014 5:20
141,citronellyl glucoside,FEM_long,jan,39.3,NA,"InChI=1S/C16H30O7/c1-10(2)5-4-6-11(3)7-8-22-16(21)14(19)13(18)12(9-17)23-15(16)20/h5,11-15,17-21H,4,6-9H2,1-3H3",9/2/2014 5:20
142,coniferyl alcohol,FEM_long,jan,22.8,NA,"InChI=1S/C10H12O3/c1-13-10-7-8(3-2-6-11)4-5-9(10)12/h2-5,7,11-12H,6H2,1H3",9/2/2014 5:20
143,coniferyl aldehyde,FEM_long,jan,25.895,NA,"InChI=1S/C10H10O3/c1-13-10-7-8(3-2-6-11)4-5-9(10)12/h2-7,12H,1H3",11/8/2018 11:39
144,cryptochlorogenic acid,FEM_long,jan,20.1,NA,"InChI=1S/C16H18O9/c17-9-3-1-8(5-10(9)18)2-4-13(21)25-14-11(19)6-16(24,15(22)23)7-12(14)20/h1-5,11-12,14,17-20,24H,6-7H2,(H,22,23)",9/2/2014 5:20
145,cuminaldehyde,FEM_long,jan,38.6,NA,"InChI=1S/C10H12O/c1-8(2)10-5-3-9(7-11)4-6-10/h3-8H,1-2H3",9/2/2014 5:20
146,cyanidin,FEM_long,jan,28.9,NA,"InChI=1S/C15H10O6/c16-8-4-11(18)9-6-13(20)15(21-14(9)5-8)7-1-2-10(17)12(19)3-7/h1-6H,(H4-,16,17,18,19,20)",8/17/2018 1:21
147,cyanidin 3 galactoside,FEM_long,jan,22.1,NA,"InChI=1S/C21H20O11/c22-7-16-17(27)18(28)19(29)21(32-16)31-15-6-10-12(25)4-9(23)5-14(10)30-20(15)8-1-2-11(24)13(26)3-8/h1-6,16-19,21-22,27-29H,7H2,(H3-,23,24,25,26)",11/29/2018 8:12
148,Cyanidin 3-sambubioside,FEM_long,jan,22.6,NA,"InChI=1S/C26H28O16/c27-7-18-20(34)23(36)26(37,42-24-21(35)19(33)15(32)8-38-24)25(41-18)40-17-6-11-13(30)4-10(28)5-16(11)39-22(17)9-1-2-12(29)14(31)3-9/h1-6,15,18-21,23-25,27,32-37H,7-8H2,(H3-,28,29,30,31)/i18+0,20+0,23+0,25+0,26+0",9/2/2014 5:20
149,Cyanidin 3-sophoroside,FEM_long,jan,21.4,NA,"InChI=1S/C27H30O16/c28-7-17-19(34)21(36)23(38)26(41-17)43-25-22(37)20(35)18(8-29)42-27(25)40-16-6-11-13(32)4-10(30)5-15(11)39-24(16)9-1-2-12(31)14(33)3-9/h1-6,17-23,25-29,34-38H,7-8H2,(H3-,30,31,32,33)",9/2/2014 5:20
150,"cyanidin-3,5-diglucoside",FEM_long,jan,18.375,NA,"InChI=1S/C27H30O16/c28-7-17-19(33)21(35)23(37)26(42-17)40-15-5-10(30)4-14-11(15)6-16(25(39-14)9-1-2-12(31)13(32)3-9)41-27-24(38)22(36)20(34)18(8-29)43-27/h1-6,17-24,26-29,33-38H,7-8H2,(H2-,30,31,32)",5/12/2015 4:26
151,cyanidin-3-arabinoside,FEM_long,jan,23.1,NA,"InChI=1S/C20H18O10/c21-9-4-12(23)10-6-16(30-20-18(27)17(26)14(25)7-28-20)19(29-15(10)5-9)8-1-2-11(22)13(24)3-8/h1-6,14,17-18,20,25-27H,7H2,(H3-,21,22,23,24)",9/2/2014 5:20
152,cyanidin-3-rutinoside,FEM_long,jan,23.1,NA,"InChI=1S/C27H30O15/c1-9-19(32)21(34)23(36)26(39-9)38-8-18-20(33)22(35)24(37)27(42-18)41-17-7-12-14(30)5-11(28)6-16(12)40-25(17)10-2-3-13(29)15(31)4-10/h2-7,9,18-24,26-27,32-37H,8H2,1H3,(H3-,28,29,30,31)",11/8/2018 11:39
153,D(-)fructose,FEM_long,jan,1.4,NA,"InChI=1S/C6H12O6/c7-1-3(9)5(11)6(12)4(10)2-8/h3,5-9,11-12H,1-2H2",9/2/2014 5:20
154,D-(-)-Ribose,FEM_long,jan,1.4,NA,"InChI=1S/C5H10O5/c6-1-2-3(7)4(8)5(9)10-2/h2-9H,1H2",9/2/2014 5:20
155,D(-)-Salicin,FEM_long,jan,16.1,NA,"InChI=1S/C13H18O7/c14-5-7-3-1-2-4-8(7)19-13-12(18)11(17)10(16)9(6-15)20-13/h1-4,9-18H,5-6H2",9/2/2014 5:20
156,D-(+)-fucose,FEM_long,jan,1.8,NA,"InChI=1S/C6H12O5/c1-3(8)5(10)6(11)4(9)2-7/h2-6,8-11H,1H3",9/2/2014 5:20
157,D-(+)galacturonic acid,FEM_long,jan,1.33,NA,"InChI=1S/C6H10O7/c7-1-2(8)3(9)4(10)5(11)6(12)13/h1-5,8-11H,(H,12,13)",9/2/2014 5:20
158,D-(+)-trehalose,FEM_long,jan,1.5,NA,"InChI=1S/C12H22O11/c13-1-3-5(15)7(17)9(19)11(21-3)23-12-10(20)8(18)6(16)4(2-14)22-12/h3-20H,1-2H2",11/8/2018 11:39
159,daidzein,FEM_long,jan,32.5,NA,"InChI=1S/C15H10O4/c16-10-3-1-9(2-4-10)13-8-19-14-7-11(17)5-6-12(14)15(13)18/h1-8,16-17H",9/2/2014 5:20
160,daphnetin,FEM_long,jan,21.595,NA,"InChI=1S/C9H6O4/c10-6-3-1-2-5-7(11)4-8(12)13-9(5)6/h1-4,10-11H",9/2/2014 5:20
161,decanoic acid,FEM_long,jan,45.615,NA,"InChI=1S/C10H20O2/c1-2-3-4-5-6-7-8-9-10(11)12/h2-9H2,1H3,(H,11,12)",9/2/2014 5:20
162,dehydroascorbic acid,FEM_long,jan,1.72,NA,"InChI=1S/C6H6O6/c7-1-2(8)5-3(9)4(10)6(11)12-5/h2,5,7-8H,1H2",9/2/2014 5:20
163,delphinidin,FEM_long,jan,27.1,NA,"InChI=1S/C15H10O7/c16-7-3-9(17)8-5-12(20)15(22-13(8)4-7)6-1-10(18)14(21)11(19)2-6/h1-5H,(H5-,16,17,18,19,20,21)",9/2/2014 5:20
164,delphinidin 3 rutinoside,FEM_long,jan,21.9,NA,"InChI=1S/C27H30O16/c1-8-18(32)21(35)23(37)26(40-8)39-7-17-20(34)22(36)24(38)27(43-17)42-16-6-11-12(29)4-10(28)5-15(11)41-25(16)9-2-13(30)19(33)14(31)3-9/h2-6,8,17-18,20-24,26-27,32,34-38H,7H2,1H3,(H4-,28,29,30,31,33)",11/8/2018 11:39
165,delphinidin-3-glucoside,FEM_long,jan,20.9,NA,"InChI=1S/C21H20O12/c22-6-15-17(28)18(29)19(30)21(33-15)32-14-5-9-10(24)3-8(23)4-13(9)31-20(14)7-1-11(25)16(27)12(26)2-7/h1-5,15,17-19,21-22,28-30H,6H2,(H4-,23,24,25,26,27)",9/2/2014 5:20
166,deoxycholic acid,FEM_long,jan,49.6,NA,"InChI=1S/C24H40O4/c1-14(4-9-22(27)28)18-7-8-19-17-6-5-15-12-16(25)10-11-23(15,2)20(17)13-21(26)24(18,19)3/h14-21,25-26H,4-13H2,1-3H3,(H,27,28)",9/2/2014 5:20
167,diethylamine,FEM_long,jan,1.68,NA,"InChI=1S/C4H11N/c1-3-5-4-2/h5H,3-4H2,1-2H3",9/2/2014 5:20
168,dihidro alpha ionone,FEM_long,jan,46.1,NA,"InChI=1S/C13H22O/c1-10-6-5-9-13(3,4)12(10)8-7-11(2)14/h7-8,10,12H,5-6,9H2,1-4H3",9/2/2014 5:20
169,dihydrokaempferol,FEM_long,jan,27.82,NA,"InChI=1S/C15H12O6/c16-8-3-1-7(2-4-8)15-14(20)13(19)12-10(18)5-9(17)6-11(12)21-15/h1-6,14-18,20H",8/30/2018 7:28
170,Docosapentaenoic acid,FEM_long,jan,54,NA,"InChI=1S/C22H34O2/c1-2-3-4-5-6-7-8-9-10-11-12-13-14-15-16-17-18-19-20-21-22(23)24/h12-21H,2-11H2,1H3,(H,23,24)",9/2/2014 5:20
171,D-pantothenic acid,FEM_long,jan,14.3,NA,"InChI=1S/C9H17NO5/c1-9(2,5-11)7(14)8(15)10-4-3-6(12)13/h7,11,14H,3-5H2,1-2H3,(H,10,15)(H,12,13)",9/2/2014 5:20
172,E-cis-miyabenol C,FEM_long,jan,32.6475,NA,"InChI=1S/C42H32O9/c43-27-9-2-22(3-10-27)1-4-25-15-32(48)20-35-37(25)40(42(50-35)24-7-13-29(45)14-8-24)34-19-33(49)21-36-39(34)38(26-16-30(46)18-31(47)17-26)41(51-36)23-5-11-28(44)12-6-23/h1-21,38,40-49H",9/2/2014 5:20
173,emodin,FEM_long,jan,46.405,NA,"InChI=1S/C15H10O5/c1-6-2-8-12(10(17)3-6)15(20)13-9(14(8)19)4-7(16)5-11(13)18/h2-5,16-18H,1H3",9/2/2014 5:20
174,ergosterol,FEM_long,jan,58.9,NA,"InChI=1S/C28H44O/c1-18(2)19(3)7-8-20(4)24-11-12-25-23-10-9-21-17-22(29)13-15-27(21,5)26(23)14-16-28(24,25)6/h7-10,18-20,22,24-26,29H,11-17H2,1-6H3",5/12/2015 3:46
175,eriodictyol,FEM_long,jan,31.015,NA,"InChI=1S/C15H12O6/c16-8-4-11(19)15-12(20)6-13(21-14(15)5-8)7-1-2-9(17)10(18)3-7/h1-5,13,16-19H,6H2",9/2/2014 5:20
176,erythrodiol,FEM_long,jan,53.77,NA,"InChI=1S/C30H50O2/c1-25(2)14-16-30(19-31)17-15-28(6)20(21(30)18-25)8-9-23-27(5)12-11-24(32)26(3,4)22(27)10-13-29(23,28)7/h8,21-24,31-32H,9-19H2,1-7H3",9/2/2014 5:20
177,esculin,FEM_long,jan,17.8,NA,"InChI=1S/C15H16O9/c16-5-10-12(19)13(20)14(21)15(24-10)23-9-3-6-1-2-11(18)22-8(6)4-7(9)17/h1-4,10,12-17,19-21H,5H2",9/2/2014 5:20
178,ethyl indole-3-acetate,FEM_long,jan,35.5,NA,"InChI=1S/C12H13NO2/c1-2-15-12(14)7-9-8-13-11-6-4-3-5-10(9)11/h3-6,8,13H,2,7H2,1H3",9/2/2014 5:20
179,ethyl linoleate,FEM_long,jan,56.12,NA,"InChI=1S/C20H36O2/c1-3-5-6-7-8-9-10-11-12-13-14-15-16-17-18-19-20(21)22-4-2/h8-9,11-12H,3-7,10,13-19H2,1-2H3",9/2/2014 5:20
180,ethyl tetradecanoate,FEM_long,jan,55.105,NA,"InChI=1S/C16H32O2/c1-3-5-6-7-8-9-10-11-12-13-14-15-16(17)18-4-2/h3-15H2,1-2H3",9/2/2014 5:20
181,eugenyl acetate,FEM_long,jan,38.3,NA,"InChI=1S/C12H14O3/c1-4-5-10-6-7-11(15-9(2)13)12(8-10)14-3/h4,6-8H,1,5H2,2-3H3",9/2/2014 5:20
182,eupatorin-5-methylether,FEM_long,jan,37.4,NA,"InChI=1S/C19H18O7/c1-22-13-6-5-10(7-11(13)20)14-8-12(21)17-15(26-14)9-16(23-2)18(24-3)19(17)25-4/h5-9,20H,1-4H3",9/2/2014 5:20
183,FAD,FEM_long,jan,20.7,NA,"InChI=1S/C27H33N9O15P2/c1-10-3-12-13(4-11(10)2)35(24-18(32-12)25(42)34-27(43)33-24)5-14(37)19(39)15(38)6-48-52(44,45)51-53(46,47)49-7-16-20(40)21(41)26(50-16)36-9-31-17-22(28)29-8-30-23(17)36/h3-4,8-9,14-16,19-21,26,37-41H,5-7H2,1-2H3,(H,44,45)(H,46,47)(H2,28,29,30)(H,34,42,43)",9/2/2014 5:20
184,farnesyl glucoside,FEM_long,jan,46.275,NA,"InChI=1S/C21H36O7/c1-14(2)7-5-8-15(3)9-6-10-16(4)11-12-27-21(26)20(25)19(24)18(23)17(13-22)28-21/h7,9,11,17-20,22-26H,5-6,8,10,12-13H2,1-4H3",9/2/2014 5:20
185,ferulic acid,FEM_long,jan,25.9,NA,"InChI=1S/C10H10O4/c1-14-9-6-7(2-4-8(9)11)3-5-10(12)13/h2-6,11H,1H3,(H,12,13)",6/3/2015 1:17
186,FMN,FEM_long,jan,21.9,NA,"InChI=1S/C17H21N4O9P/c1-7-3-9-10(4-8(7)2)21(15-13(18-9)16(25)20-17(26)19-15)5-11(22)14(24)12(23)6-30-31(27,28)29/h3-4,11-12,14,22-24H,5-6H2,1-2H3,(H,20,25,26)(H2,27,28,29)",9/2/2014 5:20
187,folic acid,FEM_long,jan,21.3,NA,"InChI=1S/C19H19N7O6/c20-19-25-15-14(17(30)26-19)23-11(8-22-15)7-21-10-3-1-9(2-4-10)16(29)24-12(18(31)32)5-6-13(27)28/h1-4,8,12,21H,5-7H2,(H,24,29)(H,27,28)(H,31,32)(H3,20,22,25,26,30)",6/8/2015 5:18
188,fumaric acid,FEM_long,jan,3.5425,NA,"InChI=1S/C4H4O4/c5-3(6)1-2-4(7)8/h1-2H,(H,5,6)(H,7,8)",5/17/2016 4:08
189,furan-2-carboxylic acid,FEM_long,jan,12.7,NA,"InChI=1S/C5H4O3/c6-5(7)4-2-1-3-8-4/h1-3H,(H,6,7)",5/17/2016 4:08
190,furfural,FEM_long,jan,12.2,NA,InChI=1S/C5H4O2/c6-4-5-2-1-3-7-5/h1-4H,9/2/2014 5:20
191,galangin,FEM_long,jan,41.38,NA,"InChI=1S/C15H10O5/c16-9-6-10(17)12-11(7-9)20-15(14(19)13(12)18)8-4-2-1-3-5-8/h1-7,16-17,19H",9/2/2014 5:20
192,gallic acid,FEM_long,jan,8.95,NA,"InChI=1S/C7H6O5/c8-4-1-3(7(11)12)2-5(9)6(4)10/h1-2,8-10H,(H,11,12)",5/17/2016 4:08
193,gamma-aminobutyric acid,FEM_long,jan,2.15,NA,"InChI=1S/C4H9NO2/c5-3-1-2-4(6)7/h1-3,5H2,(H,6,7)",11/29/2018 8:12
194,gamma-glutamylcysteine,FEM_long,jan,3.275,NA,"InChI=1S/C8H14N2O5S/c9-4(7(12)13)1-2-6(11)10-5(3-16)8(14)15/h4-5,16H,1-3,9H2,(H,10,11)(H,12,13)(H,14,15)",11/8/2018 11:39
195,genistein,FEM_long,jan,35.1,NA,"InChI=1S/C15H10O5/c16-9-3-1-8(2-4-9)11-7-20-13-6-10(17)5-12(18)14(13)15(11)19/h1-7,16-18H",9/2/2014 5:20
196,"genistein-4,7-dimethylether",FEM_long,jan,44.8,NA,"InChI=1S/C17H14O5/c1-20-11-5-3-10(4-6-11)13-9-22-15-8-12(21-2)7-14(18)16(15)17(13)19/h3-9,18H,1-2H3",9/2/2014 5:20
197,gentisic acid,FEM_long,jan,17,NA,"InChI=1S/C7H6O4/c8-4-1-2-6(9)5(3-4)7(10)11/h1-3,8-9H,(H,10,11)",11/29/2018 12:36
198,geranyl acetone,FEM_long,jan,46.5,NA,"InChI=1S/C13H22O/c1-11(2)7-5-8-12(3)9-6-10-13(4)14/h7,9H,5-6,8,10H2,1-4H3",9/2/2014 5:20
199,geranyl benzoate,FEM_long,jan,51.3,NA,"InChI=1S/C17H22O2/c1-14(2)8-7-9-15(3)12-13-19-17(18)16-10-5-4-6-11-16/h4-6,8,10-12H,7,9,13H2,1-3H3",9/2/2014 5:20
200,geranyl glucoside,FEM_long,jan,36.7,NA,"InChI=1S/C16H28O6/c1-10(2)5-4-6-11(3)7-8-21-16-15(20)14(19)13(18)12(9-17)22-16/h5,7,12-20H,4,6,8-9H2,1-3H3",9/2/2014 5:20
201,geranyl phenylacetate,FEM_long,jan,54.6,NA,"InChI=1S/C18H24O2/c1-15(2)8-7-9-16(3)12-13-20-18(19)14-17-10-5-4-6-11-17/h4-6,8,10-12H,7,9,13-14H2,1-3H3",9/2/2014 5:20
202,geranyl propionate,FEM_long,jan,48.2,NA,"InChI=1S/C13H22O2/c1-5-13(14)15-10-9-12(4)8-6-7-11(2)3/h7,9H,5-6,8,10H2,1-4H3",9/2/2014 5:20
203,gibberellic acid,FEM_long,jan,25.49,NA,"InChI=1S/C19H22O6/c1-9-7-17-8-18(9,24)5-3-10(17)19-6-4-11(20)16(2,15(23)25-19)13(19)12(17)14(21)22/h4,6,10-13,20,24H,1,3,5,7-8H2,2H3,(H,21,22)",9/2/2014 5:20
204,gluconic acid,FEM_long,jan,1.4,NA,"InChI=1S/C6H12O7/c7-1-2(8)3(9)4(10)5(11)6(12)13/h2-5,7-11H,1H2,(H,12,13)",9/2/2014 5:20
205,glucose-6-phosphate,FEM_long,jan,1.22,NA,"InChI=1S/C6H13O9P/c7-3-2(1-14-16(11,12)13)15-6(10)5(9)4(3)8/h2-10H,1H2,(H2,11,12,13)",11/29/2018 9:43
206,glutaric acid,FEM_long,jan,10.24,NA,"InChI=1S/C5H8O4/c6-4(7)2-1-3-5(8)9/h1-3H2,(H,6,7)(H,8,9)",9/2/2014 5:20
207,glutathione disulfide,FEM_long,jan,9.675,NA,"InChI=1S/C20H32N6O12S2/c21-9(19(35)36)1-3-13(27)25-11(17(33)23-5-15(29)30)7-39-40-8-12(18(34)24-6-16(31)32)26-14(28)4-2-10(22)20(37)38/h9-12H,1-8,21-22H2,(H,23,33)(H,24,34)(H,25,27)(H,26,28)(H,29,30)(H,31,32)(H,35,36)(H,37,38)",5/17/2016 4:08
208,glyceric acid,FEM_long,jan,1.45,NA,"InChI=1S/C3H6O4/c4-1-2(5)3(6)7/h2,4-5H,1H2,(H,6,7)",9/2/2014 5:20
209,glycine,FEM_long,jan,1.22,NA,"InChI=1S/C2H5NO2/c3-1-2(4)5/h1,3H2,(H,4,5)",9/2/2014 5:20
210,guaiacol,FEM_long,jan,22.5,NA,"InChI=1S/C7H8O2/c1-9-7-5-3-2-4-6(7)8/h2-5,8H,1H3",9/2/2014 5:20
211,guanidine,FEM_long,jan,1.3,NA,"InChI=1S/CH5N3/c2-1(3)4/h(H5,2,3,4)",9/2/2014 5:20
212,guanine,FEM_long,jan,3.215,NA,"InChI=1S/C5H5N5O/c6-5-9-3-2(4(11)10-5)7-1-8-3/h1H,(H4,6,7,8,9,10,11)",9/2/2014 5:20
213,hexanoic acid,FEM_long,jan,30.885,NA,"InChI=1S/C6H12O2/c1-2-3-4-5-6(7)8/h2-5H2,1H3,(H,7,8)",9/2/2014 5:20
214,hexylamine,FEM_long,jan,15.1,NA,"InChI=1S/C6H15N/c1-2-3-4-5-6-7/h2-7H2,1H3",6/3/2015 1:45
215,hippuric acid,FEM_long,jan,17.28,NA,"InChI=1S/C9H9NO3/c11-8(12)6-10-9(13)7-4-2-1-3-5-7/h1-5H,6H2,(H,10,13)(H,11,12)",11/29/2018 8:12
216,histamine,FEM_long,jan,1.1,NA,"InChI=1S/C5H9N3/c6-2-1-5-3-7-4-8-5/h3-4H,1-2,6H2,(H,7,8)",9/2/2014 5:20
217,Hyocholic acid,FEM_long,jan,45.58,NA,"InChI=1S/C24H40O5/c1-13(4-7-19(26)27)15-5-6-16-20-17(9-11-23(15,16)2)24(3)10-8-14(25)12-18(24)21(28)22(20)29/h13-18,20-22,25,28-29H,4-12H2,1-3H3,(H,26,27)",9/2/2014 5:20
218,hyodeoxycholic acid,FEM_long,jan,46.35,NA,"InChI=1S/C24H40O4/c1-14(4-7-22(27)28)17-5-6-18-16-13-21(26)20-12-15(25)8-10-24(20,3)19(16)9-11-23(17,18)2/h14-21,25-26H,4-13H2,1-3H3,(H,27,28)",9/2/2014 5:20
219,indole,FEM_long,jan,28.1,NA,"InChI=1S/C8H7N/c1-2-4-8-7(3-1)5-6-9-8/h1-6,9H",9/2/2014 5:20
220,indole-2-carboxylic acid,FEM_long,jan,38.5,NA,"InChI=1S/C9H7NO2/c11-9(12)8-5-6-3-1-2-4-7(6)10-8/h1-5,10H,(H,11,12)",11/8/2018 11:39
221,Indole-3-aldehyde,FEM_long,jan,25.12,NA,"InChI=1S/C9H7NO/c11-6-7-5-10-9-4-2-1-3-8(7)9/h1-6,10H",11/8/2018 11:39
222,indole-3-carboxylic acid,FEM_long,jan,25.59,NA,"InChI=1S/C9H7NO2/c11-9(12)7-5-10-8-4-2-1-3-6(7)8/h1-5,10H,(H,11,12)",9/2/2014 5:20
223,indole-3-propionic acid,FEM_long,jan,30.275,NA,"InChI=1S/C11H11NO2/c13-11(14)6-5-8-7-12-10-4-2-1-3-9(8)10/h1-4,7,12H,5-6H2,(H,13,14)",9/2/2014 5:20
224,indole-3-pyruvic acid,FEM_long,jan,30.285,NA,"InChI=1S/C11H9NO3/c13-10(11(14)15)5-7-6-12-9-4-2-1-3-8(7)9/h1-4,6,12H,5H2,(H,14,15)",9/2/2014 5:20
225,Indolelactic acid,FEM_long,jan,24.6,NA,"InChI=1S/C11H11NO3/c13-10(11(14)15)5-7-6-12-9-4-2-1-3-8(7)9/h1-4,6,10,12-13H,5H2,(H,14,15)",9/2/2014 5:20
226,isopentylamine,FEM_long,jan,6.9,NA,"InChI=1S/C5H13N/c1-5(2)3-4-6/h5H,3-4,6H2,1-2H3",9/2/2014 5:20
227,isopropyl malic acid,FEM_long,jan,18.105,NA,"InChI=1S/C7H12O5/c1-4(2)7(12,6(10)11)3-5(8)9/h4,12H,3H2,1-2H3,(H,8,9)(H,10,11)",9/2/2014 5:20
228,isorhamnetin,FEM_long,jan,37.1,NA,"InChI=1S/C16H12O7/c1-22-11-4-7(2-3-9(11)18)16-15(21)14(20)13-10(19)5-8(17)6-12(13)23-16/h2-6,17-19,21H,1H3",9/2/2014 5:20
229,jasmonic acid,FEM_long,jan,33.7,NA,"InChI=1S/C12H18O3/c1-2-3-4-5-10-9(8-12(14)15)6-7-11(10)13/h3-4,9-10H,2,5-8H2,1H3,(H,14,15)",9/2/2014 5:20
230,kaempferol,FEM_long,jan,36.605,NA,"InChI=1S/C15H10O6/c16-8-3-1-7(2-4-8)15-14(20)13(19)12-10(18)5-9(17)6-11(12)21-15/h1-6,16-18,20H",11/8/2018 11:39
231,kaempferol 3-O-glucuronide,FEM_long,jan,30.675,NA,"InChI=1S/C21H18O12/c22-8-3-1-7(2-4-8)17-18(13(25)12-10(24)5-9(23)6-11(12)31-17)32-21-16(28)14(26)15(27)19(33-21)20(29)30/h1-6,14-16,19,21-24,26-28H,(H,29,30)",9/2/2014 5:20
232,quinic acid,FEM_long,jan,1.605,NA,"InChI=1S/C7H12O6/c8-3-1-7(13,6(11)12)2-4(9)5(3)10/h3-5,8-10,13H,1-2H2,(H,11,12)",9/2/2014 5:20
233,L-(+)-Arginine,FEM_long,jan,1.215,NA,"InChI=1S/C6H14N4O2/c7-4(5(11)12)2-1-3-10-6(8)9/h4H,1-3,7H2,(H,11,12)(H4,8,9,10)",5/17/2016 4:08
234,L-(+)-tartaric acid,FEM_long,jan,1.51,NA,"InChI=1S/C4H6O6/c5-1(3(7)8)2(6)4(9)10/h1-2,5-6H,(H,7,8)(H,9,10)",9/2/2014 5:20
235,lactic acid,FEM_long,jan,2.51,NA,"InChI=1S/C3H6O3/c1-2(4)3(5)6/h2,4H,1H3,(H,5,6)",9/2/2014 5:20
236,lanosterol,FEM_long,jan,58.31,NA,"InChI=1S/C30H50O/c1-20(2)10-9-11-21(3)22-14-18-30(8)24-12-13-25-27(4,5)26(31)16-17-28(25,6)23(24)15-19-29(22,30)7/h10,21-22,25-26,31H,9,11-19H2,1-8H3",9/2/2014 5:20
237,L-a-Phosphatidylcholine,FEM_long,jan,59.9,NA,"InChI=1S/C42H82NO8P/c1-6-8-10-12-14-16-18-20-21-23-25-27-29-31-33-35-42(45)51-40(39-50-52(46,47)49-37-36-43(3,4)5)38-48-41(44)34-32-30-28-26-24-22-19-17-15-13-11-9-7-2/h20-21,40H,6-19,22-39H2,1-5H3",9/2/2014 5:20
238,laricitrin,FEM_long,jan,34.685,NA,"InChI=1S/C16H12O8/c1-23-11-3-6(2-9(19)13(11)20)16-15(22)14(21)12-8(18)4-7(17)5-10(12)24-16/h2-5,17-20,22H,1H3",9/2/2014 5:20
239,L-ascorbic acid,FEM_long,jan,2.385,NA,"InChI=1S/C6H8O6/c7-1-2(8)5-3(9)4(10)6(11)12-5/h2,5,7-10H,1H2",9/2/2014 5:20
240,L-asparagine,FEM_long,jan,1.275,NA,"InChI=1S/C4H8N2O3/c5-2(4(8)9)1-3(6)7/h2H,1,5H2,(H2,6,7)(H,8,9)",5/17/2016 4:08
241,L-aspartic acid,FEM_long,jan,1.285,NA,"InChI=1S/C4H7NO4/c5-2(4(8)9)1-3(6)7/h2H,1,5H2,(H,6,7)(H,8,9)",9/2/2014 5:20
242,L-citrulline,FEM_long,jan,1.4,NA,"InChI=1S/C6H13N3O3/c7-4(5(10)11)2-1-3-9-6(8)12/h4H,1-3,7H2,(H,10,11)(H3,8,9,12)",5/17/2016 4:08
243,L-cystathionine,FEM_long,jan,1.21,NA,"InChI=1S/C7H14N2O4S/c8-4(6(10)11)1-2-14-3-5(9)7(12)13/h4-5H,1-3,8-9H2,(H,10,11)(H,12,13)",9/2/2014 5:20
244,L-cysteine,FEM_long,jan,1.225,NA,"InChI=1S/C3H7NO2S/c4-2(1-7)3(5)6/h2,7H,1,4H2,(H,5,6)",5/17/2016 4:08
245,L-glutamic acid,FEM_long,jan,1.315,NA,"InChI=1S/C5H9NO4/c6-3(5(9)10)1-2-4(7)8/h3H,1-2,6H2,(H,7,8)(H,9,10)",6/8/2015 7:19
246,L-Glutamine,FEM_long,jan,1.3,NA,"InChI=1S/C5H10N2O3/c6-3(5(9)10)1-2-4(7)8/h3H,1-2,6H2,(H2,7,8)(H,9,10)",5/17/2016 4:08
247,L-glutathione,FEM_long,jan,3.405,NA,"InChI=1S/C10H17N3O6S/c11-5(10(18)19)1-2-7(14)13-6(4-20)9(17)12-3-8(15)16/h5-6,20H,1-4,11H2,(H,12,17)(H,13,14)(H,15,16)(H,18,19)",5/17/2016 4:08
248,L-histidine,FEM_long,jan,1.2,NA,"InChI=1S/C6H9N3O2/c7-5(6(10)11)1-4-2-8-3-9-4/h2-3,5H,1,7H2,(H,8,9)(H,10,11)",9/2/2014 5:20
249,L-homoserine,FEM_long,jan,1.29,NA,"InChI=1S/C4H9NO3/c5-3(1-2-6)4(7)8/h3,6H,1-2,5H2,(H,7,8)",5/17/2016 4:08
250,linalyl benzoate,FEM_long,jan,50.8,NA,"InChI=1S/C17H22O2/c1-5-17(4,13-9-10-14(2)3)19-16(18)15-11-7-6-8-12-15/h5-8,10-12H,1,9,13H2,2-4H3",9/2/2014 5:20
251,linoleic acid,FEM_long,jan,53.6,NA,"InChI=1S/C18H32O2/c1-2-3-4-5-6-7-8-9-10-11-12-13-14-15-16-17-18(19)20/h6-7,9-10H,2-5,8,11-17H2,1H3,(H,19,20)",9/2/2014 5:20
252,linolenic acid,FEM_long,jan,52.3,NA,"InChI=1S/C18H30O2/c1-2-3-4-5-6-7-8-9-10-11-12-13-14-15-16-17-18(19)20/h3-4,6-7,9-10H,2,5,8,11-17H2,1H3,(H,19,20)",9/2/2014 5:20
253,L-isoleucine,FEM_long,jan,4.615,NA,"InChI=1S/C6H13NO2/c1-3-4(2)5(7)6(8)9/h4-5H,3,7H2,1-2H3,(H,8,9)",9/2/2014 5:20
254,L-kynurenine,FEM_long,jan,11.005,NA,"InChI=1S/C10H12N2O3/c11-7-4-2-1-3-6(7)9(13)5-8(12)10(14)15/h1-4,8H,5,11-12H2,(H,14,15)",9/2/2014 5:20
255,L-leucine,FEM_long,jan,4.98,NA,"InChI=1S/C6H13NO2/c1-4(2)3-5(7)6(8)9/h4-5H,3,7H2,1-2H3,(H,8,9)",6/3/2015 1:17
256,L-lysine,FEM_long,jan,1.18,NA,"InChI=1S/C6H14N2O2/c7-4-2-1-3-5(8)6(9)10/h5H,1-4,7-8H2,(H,9,10)",5/17/2016 4:08
257,L-malic acid,FEM_long,jan,2.005,NA,"InChI=1S/C4H6O5/c5-2(4(8)9)1-3(6)7/h2,5H,1H2,(H,6,7)(H,8,9)",9/2/2014 5:20
258,L-methionine,FEM_long,jan,2.8,NA,"InChI=1S/C5H11NO2S/c1-9-3-2-4(6)5(7)8/h4H,2-3,6H2,1H3,(H,7,8)",6/8/2015 6:46
259,L-norvaline,FEM_long,jan,2.3,NA,"InChI=1S/C5H11NO2/c1-2-3-4(6)5(7)8/h4H,2-3,6H2,1H3,(H,7,8)",9/2/2014 5:20
260,L-ornithine,FEM_long,jan,1.1,NA,"InChI=1S/C5H12N2O2/c6-3-1-2-4(7)5(8)9/h4H,1-3,6-7H2,(H,8,9)",5/17/2016 4:08
261,L-phenylalanine,FEM_long,jan,11.5,NA,"InChI=1S/C9H11NO2/c10-8(9(11)12)6-7-4-2-1-3-5-7/h1-5,8H,6,10H2,(H,11,12)",6/8/2015 8:11
262,L-proline,FEM_long,jan,1.595,NA,"InChI=1S/C5H9NO2/c7-5(8)4-2-1-3-6-4/h4,6H,1-3H2,(H,7,8)",9/2/2014 5:20
263,L-saccharopine,FEM_long,jan,1.375,NA,"InChI=1S/C11H20N2O6/c12-7(10(16)17)3-1-2-6-13-8(11(18)19)4-5-9(14)15/h7-8,13H,1-6,12H2,(H,14,15)(H,16,17)(H,18,19)",5/17/2016 4:08
264,L-serine,FEM_long,jan,1.215,NA,"InChI=1S/C3H7NO3/c4-2(1-5)3(6)7/h2,5H,1,4H2,(H,6,7)",5/17/2016 4:08
265,L-threonine,FEM_long,jan,1.305,NA,"InChI=1S/C4H9NO3/c1-2(6)3(5)4(7)8/h2-3,6H,5H2,1H3,(H,7,8)",6/8/2015 8:11
266,L-tryptophan,FEM_long,jan,16,NA,"InChI=1S/C11H12N2O2/c12-9(11(14)15)5-7-6-13-10-4-2-1-3-8(7)10/h1-4,6,9,13H,5,12H2,(H,14,15)",9/2/2014 5:20
267,L-tyrosine,FEM_long,jan,6.085,NA,"InChI=1S/C9H11NO3/c10-8(9(12)13)5-6-1-3-7(11)4-2-6/h1-4,8,11H,5,10H2,(H,12,13)",5/17/2016 5:10
268,lupeol,FEM_long,jan,60,NA,"InChI=1S/C30H50O/c1-19(2)20-11-14-27(5)17-18-29(7)21(25(20)27)9-10-23-28(6)15-13-24(31)26(3,4)22(28)12-16-30(23,29)8/h20-25,31H,1,9-18H2,2-8H3",9/2/2014 5:20
269,luteolin,FEM_long,jan,34.69,NA,"InChI=1S/C15H10O6/c16-8-4-11(19)15-12(20)6-13(21-14(15)5-8)7-1-2-9(17)10(18)3-7/h1-6,16-19H",9/2/2014 5:20
270,L-valine,FEM_long,jan,2.185,NA,"InChI=1S/C5H11NO2/c1-3(2)4(6)5(7)8/h3-4H,6H2,1-2H3,(H,7,8)",6/8/2015 5:44
271,malonic acid,FEM_long,jan,2.11,NA,"InChI=1S/C3H4O4/c4-2(5)1-3(6)7/h1H2,(H,4,5)(H,6,7)",9/2/2014 5:20
272,malvidin 3-p-coumarylglucoside,FEM_long,jan,32.5,NA,"InChI=1S/C32H30O14/c1-41-22-9-16(10-23(42-2)27(22)37)31-24(13-19-20(35)11-18(34)12-21(19)44-31)45-32-30(40)29(39)28(38)25(46-32)14-43-26(36)8-5-15-3-6-17(33)7-4-15/h3-13,25,28-30,32,38-40H,14H2,1-2H3,(H3-,33,34,35,36,37)",9/2/2014 5:20
273,"malvidin-3,5-diglucoside",FEM_long,jan,20.68,NA,"InChI=1S/C29H34O17/c1-40-15-3-10(4-16(41-2)20(15)33)27-17(44-29-26(39)24(37)22(35)19(9-31)46-29)7-12-13(42-27)5-11(32)6-14(12)43-28-25(38)23(36)21(34)18(8-30)45-28/h3-7,18-19,21-26,28-31,34-39H,8-9H2,1-2H3,(H-,32,33)",9/2/2014 5:20
274,malvidin-3-galactoside,FEM_long,jan,24.2,NA,"InChI=1S/C23H24O12/c1-31-14-3-9(4-15(32-2)18(14)27)22-16(7-11-12(26)5-10(25)6-13(11)33-22)34-23-21(30)20(29)19(28)17(8-24)35-23/h3-7,17,19-21,23-24,28-30H,8H2,1-2H3,(H2-,25,26,27)",9/2/2014 5:20
275,malvidin-3-glucoside methyl acetate,FEM_long,jan,28.9,NA,"InChI=1S/C25H26O13/c1-10(26)35-9-19-21(30)22(31)23(32)25(38-19)37-18-8-13-14(28)6-12(27)7-15(13)36-24(18)11-4-16(33-2)20(29)17(5-11)34-3/h4-8,19,21-23,25,30-32H,9H2,1-3H3,(H2-,27,28,29)",9/2/2014 5:20
276,mannitol,FEM_long,jan,1.375,NA,"InChI=1S/C6H14O6/c7-1-3(9)5(11)6(12)4(10)2-8/h3-12H,1-2H2",3/18/2015 1:32
277,m-coumaric acid,FEM_long,jan,26.175,NA,"InChI=1S/C9H8O3/c10-8-3-1-2-7(6-8)4-5-9(11)12/h1-6,10H,(H,11,12)",9/2/2014 5:20
278,melibiose,FEM_long,jan,1.4,NA,"InChI=1S/C12H22O11/c13-1-3-5(14)8(17)10(19)12(23-3)21-2-4-6(15)7(16)9(18)11(20)22-4/h3-20H,1-2H2",6/8/2015 5:18
279,methyl arachidate,FEM_long,jan,59.2,NA,"InChI=1S/C21H42O2/c1-3-4-5-6-7-8-9-10-11-12-13-14-15-16-17-18-19-20-21(22)23-2/h3-20H2,1-2H3",9/2/2014 5:20
280,methyl behenate,FEM_long,jan,61.2,NA,"InChI=1S/C23H46O2/c1-3-4-5-6-7-8-9-10-11-12-13-14-15-16-17-18-19-20-21-22-23(24)25-2/h3-22H2,1-2H3",9/2/2014 5:20
281,methyl caprylate,FEM_long,jan,44.25,NA,"InChI=1S/C9H18O2/c1-3-4-5-6-7-8-9(10)11-2/h3-8H2,1-2H3",9/2/2014 5:20
282,methyl cis-11-eicosenoate,FEM_long,jan,57.86,NA,"InChI=1S/C21H40O2/c1-3-4-5-6-7-8-9-10-11-12-13-14-15-16-17-18-19-20-21(22)23-2/h10-11H,3-9,12-20H2,1-2H3",9/2/2014 5:20
283,Methyl henicosanoate,FEM_long,jan,60.4,NA,"InChI=1S/C22H44O2/c1-3-4-5-6-7-8-9-10-11-12-13-14-15-16-17-18-19-20-21-22(23)24-2/h3-21H2,1-2H3",9/2/2014 5:20
284,methyl heptadecanoate,FEM_long,jan,57.1,NA,"InChI=1S/C18H36O2/c1-3-4-5-6-7-8-9-10-11-12-13-14-15-16-17-18(19)20-2/h3-17H2,1-2H3",9/2/2014 5:20
285,methyl jasmonate,FEM_long,jan,38.425,NA,"InChI=1S/C13H20O3/c1-3-4-5-6-11-10(7-8-12(11)14)9-13(15)16-2/h4-5,10-11H,3,6-9H2,1-2H3",9/2/2014 5:20
286,methyl linolenate,FEM_long,jan,54.5,NA,"InChI=1S/C19H32O2/c1-3-4-5-6-7-8-9-10-11-12-13-14-15-16-17-18-19(20)21-2/h4-5,7-8,10-11H,3,6,9,12-18H2,1-2H3",9/2/2014 5:20
287,methyl myristate,FEM_long,jan,54.425,NA,"InChI=1S/C15H30O2/c1-3-4-5-6-7-8-9-10-11-12-13-14-15(16)17-2/h3-14H2,1-2H3",9/2/2014 5:20
288,methyl nonadecanoate,FEM_long,jan,58.5,NA,"InChI=1S/C20H40O2/c1-3-4-5-6-7-8-9-10-11-12-13-14-15-16-17-18-19-20(21)22-2/h3-19H2,1-2H3",9/2/2014 5:20
289,methyl oleate,FEM_long,jan,56.515,NA,"InChI=1S/C19H36O2/c1-3-4-5-6-7-8-9-10-11-12-13-14-15-16-17-18-19(20)21-2/h10-11H,3-9,12-18H2,1-2H3",9/2/2014 5:20
290,methyl palmitate,FEM_long,jan,56.4,NA,"InChI=1S/C17H34O2/c1-3-4-5-6-7-8-9-10-11-12-13-14-15-16-17(18)19-2/h3-16H2,1-2H3",9/2/2014 5:20
291,methyl palmitoleate,FEM_long,jan,54.9,NA,"InChI=1S/C17H32O2/c1-3-4-5-6-7-8-9-10-11-12-13-14-15-16-17(18)19-2/h8-9H,3-7,10-16H2,1-2H3",9/2/2014 5:20
292,methyl sanguisorboate,FEM_long,jan,30.1,NA,"InChI=1S/C22H12O13/c1-32-20(29)5-2-7(23)13(25)9(3-5)33-19-12-11-10-6(21(30)34-18(11)15(27)16(19)28)4-8(24)14(26)17(10)35-22(12)31/h2-4,23-28H,1H3",9/2/2014 5:20
293,methyl stearate,FEM_long,jan,57.8,NA,"InChI=1S/C19H38O2/c1-3-4-5-6-7-8-9-10-11-12-13-14-15-16-17-18-19(20)21-2/h3-18H2,1-2H3",9/2/2014 5:20
294,methyl-3-mercaptoproprionate,FEM_long,jan,33.795,NA,"InChI=1S/C4H8O2S/c1-6-4(5)2-3-7/h7H,2-3H2,1H3",9/2/2014 5:20
295,methylsalicylate ester,FEM_long,jan,34.5,NA,"InChI=1S/C8H8O3/c1-11-8(10)6-4-2-3-5-7(6)9/h2-5,9H,1H3",9/2/2014 5:20
296,morin ,FEM_long,jan,31.915,NA,"InChI=1S/C15H10O7/c16-6-1-2-8(9(18)3-6)15-14(21)13(20)12-10(19)4-7(17)5-11(12)22-15/h1-5,16-19,21H",12/12/2018 9:45
297,morpholine,FEM_long,jan,1.4,NA,"InChI=1S/C4H9NO/c1-3-6-4-2-5-1/h5H,1-4H2",9/2/2014 5:20
298,mucic acid,FEM_long,jan,1.3,NA,"InChI=1S/C6H10O8/c7-1(3(9)5(11)12)2(8)4(10)6(13)14/h1-4,7-10H,(H,11,12)(H,13,14)",9/2/2014 5:20
299,myo-inositol,FEM_long,jan,1.22,NA,InChI=1S/C6H12O6/c7-1-2(8)4(10)6(12)5(11)3(1)9/h1-12H,9/2/2014 5:20
300,Myricitrin (myricetin 3-O-rhamnoside),FEM_long,jan,28.3,NA,"InChI=1S/C21H20O12/c1-6-14(26)17(29)18(30)21(31-6)33-20-16(28)13-9(23)4-8(22)5-12(13)32-19(20)7-2-10(24)15(27)11(25)3-7/h2-6,14,17-18,21-27,29-30H,1H3",9/2/2014 5:20
301,N-acetyl tyrosine,FEM_long,jan,17.38,NA,"InChI=1S/C11H13NO4/c1-7(13)12-10(11(15)16)6-8-2-4-9(14)5-3-8/h2-5,10,14H,6H2,1H3,(H,12,13)(H,15,16)",9/2/2014 5:20
302,N-acetyl-galactosamine,FEM_long,jan,1.486666667,NA,"InChI=1S/C8H15NO6/c1-3(11)9-5-7(13)6(12)4(2-10)15-8(5)14/h4-8,10,12-14H,2H2,1H3,(H,9,11)",9/2/2014 5:20
303,N-Acetyl-neuraminic acid,FEM_long,jan,1.495,NA,"InChI=1S/C11H19NO9/c1-4(14)12-7-5(15)2-11(20,10(18)19)21-9(7)8(17)6(16)3-13/h5-9,13,15-17,20H,2-3H2,1H3,(H,12,14)(H,18,19)",9/2/2014 5:20
304,n-heptanoic acid,FEM_long,jan,36.09,NA,"InChI=1S/C7H14O2/c1-2-3-4-5-6-7(8)9/h2-6H2,1H3,(H,8,9)",11/8/2018 11:39
305,N-hydroxysuccinimide,FEM_long,jan,2,NA,"InChI=1S/C4H5NO3/c6-3-1-2-4(7)5(3)8/h8H,1-2H2",9/2/2014 5:20
306,nicotinamide,FEM_long,jan,3.79,NA,"InChI=1S/C6H6N2O/c7-6(9)5-2-1-3-8-4-5/h1-4H,(H2,7,9)",9/2/2014 5:20
307,nicotine,FEM_long,jan,4.64,NA,"InChI=1S/C10H14N2/c1-12-7-3-5-10(12)9-4-2-6-11-8-9/h2,4,6,8,10H,3,5,7H2,1H3",9/2/2014 5:20
308,nicotinic acid,FEM_long,jan,2.975,NA,"InChI=1S/C6H5NO2/c8-6(9)5-2-1-3-7-4-5/h1-4H,(H,8,9)",6/8/2015 8:11
309,nicotinic acid adenin dinucleotide,FEM_long,jan,8.3,NA,"InChI=1S/C21H26N6O15P2/c22-17-12-18(24-7-23-17)27(8-25-12)20-16(31)14(29)11(41-20)6-39-44(36,37)42-43(34,35)38-5-10-13(28)15(30)19(40-10)26-3-1-2-9(4-26)21(32)33/h1-4,7-8,10-11,13-16,19-20,28-31H,5-6H2,(H4-,22,23,24,32,33,34,35,36,37)",9/2/2014 5:20
310,nicotinic acid mononucleotide,FEM_long,jan,2.1,NA,"InChI=1S/C11H14NO9P/c13-8-7(5-20-22(17,18)19)21-10(9(8)14)12-3-1-2-6(4-12)11(15)16/h1-4,7-10,13-14H,5H2,(H2-,15,16,17,18,19)",9/2/2014 5:20
311,nonanoic acid,FEM_long,jan,43.105,NA,"InChI=1S/C9H18O2/c1-2-3-4-5-6-7-8-9(10)11/h2-8H2,1H3,(H,10,11)",9/2/2014 5:20
312,octanoic acid,FEM_long,jan,40.015,NA,"InChI=1S/C8H16O2/c1-2-3-4-5-6-7-8(9)10/h2-7H2,1H3,(H,9,10)",9/2/2014 5:20
313,octyl glucopyranoside,FEM_long,jan,37.6,NA,"InChI=1S/C14H28O6/c1-2-3-4-5-6-7-8-19-14-13(18)12(17)11(16)10(9-15)20-14/h10-18H,2-9H2,1H3",9/2/2014 5:20
314,octylamine,FEM_long,jan,27.585,NA,"InChI=1S/C8H19N/c1-2-3-4-5-6-7-8-9/h2-9H2,1H3",9/2/2014 5:20
315,oleic acid,FEM_long,jan,54.85,NA,"InChI=1S/C18H34O2/c1-2-3-4-5-6-7-8-9-10-11-12-13-14-15-16-17-18(19)20/h9-10H,2-8,11-17H2,1H3,(H,19,20)",9/2/2014 5:20
316,O-phospho-L-serine,FEM_long,jan,1.21,NA,"InChI=1S/C3H8NO6P/c4-2(3(5)6)1-10-11(7,8)9/h2H,1,4H2,(H,5,6)(H2,7,8,9)",11/29/2018 8:12
317,orientin,FEM_long,jan,25.485,NA,"InChI=1S/C21H20O11/c22-6-14-17(28)18(29)19(30)21(32-14)16-11(26)4-10(25)15-12(27)5-13(31-20(15)16)7-1-2-8(23)9(24)3-7/h1-5,14,17-19,21-26,28-30H,6H2",11/29/2018 11:56
318,palmitic acid,FEM_long,jan,54.42,NA,"InChI=1S/C16H32O2/c1-2-3-4-5-6-7-8-9-10-11-12-13-14-15-16(17)18/h2-15H2,1H3,(H,17,18)",9/2/2014 5:20
319,palmitoleic acid,FEM_long,jan,52.8,NA,"InChI=1S/C16H30O2/c1-2-3-4-5-6-7-8-9-10-11-12-13-14-15-16(17)18/h7-8H,2-6,9-15H2,1H3,(H,17,18)",9/2/2014 5:20
320,p-coumaric acid,FEM_long,jan,24.3,NA,"InChI=1S/C9H8O3/c10-8-4-1-7(2-5-8)3-6-9(11)12/h1-6,10H,(H,11,12)",5/17/2016 4:08
321,"pelargonidin-3,5-diglucoside",FEM_long,jan,19.6,NA,"InChI=1S/C27H30O15/c28-8-17-19(32)21(34)23(36)26(41-17)39-15-6-12(31)5-14-13(15)7-16(25(38-14)10-1-3-11(30)4-2-10)40-27-24(37)22(35)20(33)18(9-29)42-27/h1-7,17-24,26-29,32-37H,8-9H2,(H-,30,31)",9/2/2014 5:20
322,pelargonidin-3-glucoside,FEM_long,jan,23.7,NA,"InChI=1S/C21H20O10/c22-8-16-17(26)18(27)19(28)21(31-16)30-15-7-12-13(25)5-11(24)6-14(12)29-20(15)9-1-3-10(23)4-2-9/h1-7,16-19,21-22,26-28H,8H2,(H2-,23,24,25)",9/2/2014 5:20
323,peltatoside ,FEM_long,jan,28.295,NA,"InChI=1S/C26H28O16/c27-9-4-12(30)16-14(5-9)40-23(8-1-2-10(28)11(29)3-8)24(19(16)34)42-26-22(37)20(35)18(33)15(41-26)7-39-25-21(36)17(32)13(31)6-38-25/h1-5,13,15,17-18,20-22,25-33,35-37H,6-7H2",9/2/2014 5:20
324,"peonidin 3,5 diglucoside",FEM_long,jan,20.2,NA,"InChI=1S/C28H32O16/c1-39-16-4-10(2-3-13(16)32)26-17(42-28-25(38)23(36)21(34)19(9-30)44-28)7-12-14(40-26)5-11(31)6-15(12)41-27-24(37)22(35)20(33)18(8-29)43-27/h2-7,18-25,27-30,33-38H,8-9H2,1H3,(H-,31,32)",9/2/2014 5:20
325,peonidin 3-galactoside,FEM_long,jan,23.99,NA,"InChI=1S/C22H22O11/c1-30-15-4-9(2-3-12(15)25)21-16(7-11-13(26)5-10(24)6-14(11)31-21)32-22-20(29)19(28)18(27)17(8-23)33-22/h2-7,17-20,22-23,27-29H,8H2,1H3,(H2-,24,25,26)",9/2/2014 5:20
326,peonidin-3-arabinoside,FEM_long,jan,24.8,NA,"InChI=1S/C21H20O10/c1-28-16-4-9(2-3-12(16)23)20-17(31-21-19(27)18(26)14(25)8-29-21)7-11-13(24)5-10(22)6-15(11)30-20/h2-7,14,18-19,21,25-27H,8H2,1H3,(H2-,22,23,24)",9/2/2014 5:20
327,peonidin-3-O-(6-acetyl)-glucoside,FEM_long,jan,29.2,NA,"InChI=1S/C24H24O12/c1-10(25)33-9-19-20(29)21(30)22(31)24(36-19)35-18-8-13-15(28)6-12(26)7-16(13)34-23(18)11-3-4-14(27)17(5-11)32-2/h3-8,19-22,24,29-31H,9H2,1-2H3,(H2-,26,27,28)",9/2/2014 5:20
328,peonidin-3-O-(6-p-coumaroyl)-glucoside,FEM_long,jan,32.985,NA,"InChI=1S/C31H28O13/c1-40-23-10-16(5-8-20(23)34)30-24(13-19-21(35)11-18(33)12-22(19)42-30)43-31-29(39)28(38)27(37)25(44-31)14-41-26(36)9-4-15-2-6-17(32)7-3-15/h2-13,25,27-29,31,37-39H,14H2,1H3,(H3-,32,33,34,35,36)",9/2/2014 5:20
329,petunidin,FEM_long,jan,29.7,NA,"InChI=1S/C16H12O7/c1-22-14-3-7(2-11(19)15(14)21)16-12(20)6-9-10(18)4-8(17)5-13(9)23-16/h2-6H,1H3,(H4-,17,18,19,20,21)",9/2/2014 5:20
330,petunidin-3-glucoside,FEM_long,jan,22.9,NA,"InChI=1S/C22H22O12/c1-31-14-3-8(2-12(26)17(14)27)21-15(6-10-11(25)4-9(24)5-13(10)32-21)33-22-20(30)19(29)18(28)16(7-23)34-22/h2-6,16,18-20,22-23,28-30H,7H2,1H3,(H3-,24,25,26,27)",9/2/2014 5:20
331,phenethylamine,FEM_long,jan,12.1,NA,"InChI=1S/C8H11N/c9-7-6-8-4-2-1-3-5-8/h1-5H,6-7,9H2",9/2/2014 5:20
332,pinitol,FEM_long,jan,1.405,NA,"InChI=1S/C7H14O6/c1-13-7-5(11)3(9)2(8)4(10)6(7)12/h2-12H,1H3",9/2/2014 5:20
333,piperazine carboxylic acid,FEM_long,jan,1.185,NA,"InChI=1S/C5H10N2O2/c8-5(9)4-3-6-1-2-7-4/h4,6-7H,1-3H2,(H,8,9)",9/2/2014 5:20
334,piperidine hydrochloride,FEM_long,jan,2.5,NA,"InChI=1S/C5H11N/c1-2-4-6-5-3-1/h6H,1-5H2",9/2/2014 5:20
335,piperine,FEM_long,jan,40.7,NA,"InChI=1S/C17H19NO3/c19-17(18-10-4-1-5-11-18)7-3-2-6-14-8-9-15-16(12-14)21-13-20-15/h2-3,6-9,12H,1,4-5,10-11,13H2",9/2/2014 5:20
336,piperonylic acid,FEM_long,jan,26.715,NA,"InChI=1S/C8H6O4/c9-8(10)5-1-2-6-7(3-5)12-4-11-6/h1-3H,4H2,(H,9,10)",9/2/2014 5:20
337,procyanidin-A2,FEM_long,jan,25.2,NA,"InChI=1S/C30H24O12/c31-13-7-20(37)24-22(8-13)41-30(12-2-4-16(33)19(36)6-12)29(39)26(24)25-23(42-30)10-17(34)14-9-21(38)27(40-28(14)25)11-1-3-15(32)18(35)5-11/h1-8,10,21,26-27,29,31-39H,9H2",9/2/2014 5:20
338,propylamine,FEM_long,jan,1.5,NA,"InChI=1S/C3H9N/c1-2-3-4/h2-4H2,1H3",9/2/2014 5:20
339,protocatechuic acid,FEM_long,jan,13.9,NA,"InChI=1S/C7H6O4/c8-5-2-1-4(7(10)11)3-6(5)9/h1-3,8-9H,(H,10,11)",9/2/2014 5:20
340,pyridoxal ,FEM_long,jan,3.775,NA,"InChI=1S/C8H9NO3/c1-5-8(12)7(4-11)6(3-10)2-9-5/h2,4,10,12H,3H2,1H3",9/2/2014 5:20
341,pyridoxal 5-phosphate,FEM_long,jan,3.99,NA,"InChI=1S/C8H10NO6P/c1-5-8(11)7(3-10)6(2-9-5)4-15-16(12,13)14/h2-3,11H,4H2,1H3,(H2,12,13,14)",9/2/2014 5:20
342,pyridoxamine,FEM_long,jan,1.42,NA,"InChI=1S/C8H12N2O2/c1-5-8(12)7(2-9)6(4-11)3-10-5/h3,11-12H,2,4,9H2,1H3",9/2/2014 5:20
343,pyridoxamine 5-phosphate,FEM_long,jan,1.405,NA,"InChI=1S/C8H13N2O5P/c1-5-8(11)7(2-9)6(3-10-5)4-15-16(12,13)14/h3,11H,2,4,9H2,1H3,(H2,12,13,14)",9/2/2014 5:20
344,pyridoxine,FEM_long,jan,4.9,NA,"InChI=1S/C8H11NO3/c1-5-8(12)7(4-11)6(3-10)2-9-5/h2,10-12H,3-4H2,1H3",11/5/2017 22:15
345,pyrocatechol,FEM_long,jan,13,NA,"InChI=1S/C6H6O2/c7-5-3-1-2-4-6(5)8/h1-4,7-8H",12/14/2018 8:41
346,pyrrolidine,FEM_long,jan,1.5,NA,"InChI=1S/C4H9N/c1-2-4-5-3-1/h5H,1-4H2",9/2/2014 5:20
347,pyruvic acid,FEM_long,jan,1.79,NA,"InChI=1S/C3H4O3/c1-2(4)3(5)6/h1H3,(H,5,6)",9/2/2014 5:20
348,quercetin ,FEM_long,jan,33.98,NA,"InChI=1S/C15H10O7/c16-7-4-10(19)12-11(5-7)22-15(14(21)13(12)20)6-1-2-8(17)9(18)3-6/h1-5,16-19,21H",9/2/2014 5:20
349,quercetin-3-galactoside,FEM_long,jan,28.95,NA,"InChI=1S/C21H20O12/c22-6-13-15(27)17(29)18(30)21(32-13)33-20-16(28)14-11(26)4-8(23)5-12(14)31-19(20)7-1-2-9(24)10(25)3-7/h1-5,13,15,17-18,21-27,29-30H,6H2",12/14/2018 6:45
350,quercetin-3-O-glucose-6''-acetate,FEM_long,jan,30.985,NA,"InChI=1S/C23H22O13/c1-8(24)33-7-15-17(29)19(31)20(32)23(35-15)36-22-18(30)16-13(28)5-10(25)6-14(16)34-21(22)9-2-3-11(26)12(27)4-9/h2-6,15,17,19-20,23,25-29,31-32H,7H2,1H3",12/12/2018 11:06
351,quercitrin ,FEM_long,jan,31.1,NA,"InChI=1S/C21H20O11/c1-7-15(26)17(28)18(29)21(30-7)32-20-16(27)14-12(25)5-9(22)6-13(14)31-19(20)8-2-3-10(23)11(24)4-8/h2-7,15,17-18,21-26,28-29H,1H3",11/29/2018 8:12
352,raffinose,FEM_long,jan,2.605,NA,"InChI=1S/C18H32O16/c19-1-5-8(22)11(25)13(27)16(31-5)30-3-7-9(23)12(26)14(28)17(32-7)34-18(4-21)15(29)10(24)6(2-20)33-18/h5-17,19-29H,1-4H2",9/2/2014 5:20
353,rhamnetin,FEM_long,jan,38.9,NA,"InChI=1S/C16H12O7/c1-22-8-5-11(19)13-12(6-8)23-16(15(21)14(13)20)7-2-3-9(17)10(18)4-7/h2-6,17-19,21H,1H3",9/2/2014 5:20
354,rhamnose,FEM_long,jan,1.575,NA,"InChI=1S/C6H12O5/c1-2-3(7)4(8)5(9)6(10)11-2/h2-10H,1H3",12/20/2018 5:40
355,riboflavin,FEM_long,jan,23.9,NA,"InChI=1S/C17H20N4O6/c1-7-3-9-10(4-8(7)2)21(5-11(23)14(25)12(24)6-22)15-13(18-9)16(26)20-17(27)19-15/h3-4,11-12,14,22-25H,5-6H2,1-2H3,(H,20,26,27)",8/17/2018 6:59
356,robinin,FEM_long,jan,28.6,NA,"InChI=1S/C33H40O19/c1-10-19(36)23(40)26(43)31(47-10)46-9-17-21(38)25(42)28(45)33(51-17)52-30-22(39)18-15(35)7-14(49-32-27(44)24(41)20(37)11(2)48-32)8-16(18)50-29(30)12-3-5-13(34)6-4-12/h3-8,10-11,17,19-21,23-28,31-38,40-45H,9H2,1-2H3",9/2/2014 5:20
357,rosmarinic acid,FEM_long,jan,29.975,NA,"InChI=1S/C18H16O8/c19-12-4-1-10(7-14(12)21)3-6-17(23)26-16(18(24)25)9-11-2-5-13(20)15(22)8-11/h1-8,16,19-22H,9H2,(H,24,25)",9/2/2014 5:20
358,sakuranetin,FEM_long,jan,38.985,NA,"InChI=1S/C16H14O5/c1-20-11-6-12(18)16-13(19)8-14(21-15(16)7-11)9-2-4-10(17)5-3-9/h2-7,14,17-18H,8H2,1H3",9/2/2014 5:20
359,salicylic acid,FEM_long,jan,26.4,NA,"InChI=1S/C7H6O3/c8-6-4-2-1-3-5(6)7(9)10/h1-4,8H,(H,9,10)",11/8/2018 11:39
360,sclareol,FEM_long,jan,50.1,NA,"InChI=1S/C20H36O2/c1-7-18(4,21)13-9-16-19(5)12-8-11-17(2,3)15(19)10-14-20(16,6)22/h7,15-16,21-22H,1,8-14H2,2-6H3",9/2/2014 5:20
361,scopoletin,FEM_long,jan,24.58,NA,"InChI=1S/C10H8O4/c1-13-9-4-6-2-3-10(12)14-8(6)5-7(9)11/h2-5,11H,1H3",9/2/2014 5:20
362,serotonin,FEM_long,jan,11.1,NA,"InChI=1S/C10H12N2O/c11-4-3-7-6-12-10-2-1-8(13)5-9(7)10/h1-2,5-6,12-13H,3-4,11H2",9/2/2014 5:20
363,shikimic acid,FEM_long,jan,2.29,NA,"InChI=1S/C7H10O5/c8-4-1-3(7(11)12)2-5(9)6(4)10/h1,4-6,8-10H,2H2,(H,11,12)",9/2/2014 5:20
364,sinapic acid,FEM_long,jan,25.9,NA,"InChI=1S/C11H12O5/c1-15-8-5-7(3-4-10(12)13)6-9(16-2)11(8)14/h3-6,14H,1-2H3,(H,12,13)",11/8/2018 11:39
365,sinapyl alcohol,FEM_long,jan,23.6,NA,"InChI=1S/C11H14O4/c1-14-9-6-8(4-3-5-12)7-10(15-2)11(9)13/h3-4,6-7,12-13H,5H2,1-2H3",11/8/2018 11:39
366,sinensetin,FEM_long,jan,39.3,NA,"InChI=1S/C20H20O7/c1-22-13-7-6-11(8-15(13)23-2)14-9-12(21)18-16(27-14)10-17(24-3)19(25-4)20(18)26-5/h6-10H,1-5H3",9/2/2014 5:20
367,sophorose ,FEM_long,jan,1.64,NA,"InChI=1S/C30H50O2/c1-19-10-15-30(18-31)17-16-28(6)21(25(30)20(19)2)8-9-23-27(5)13-12-24(32)26(3,4)22(27)11-14-29(23,28)7/h8,19-20,22-25,31-32H,9-18H2,1-7H3",9/2/2014 5:20
368,sorbic acid,FEM_long,jan,25.0607,NA,"InChI=1S/C6H8O2/c1-2-3-4-5-6(7)8/h2-5H,1H3,(H,7,8)",9/2/2014 5:20
369,spermidine,FEM_long,jan,1.04,NA,"InChI=1S/C7H19N3/c8-4-1-2-6-10-7-3-5-9/h10H,1-9H2",9/2/2014 5:20
370,spermine,FEM_long,jan,0.98,NA,"InChI=1S/C10H26N4/c11-5-3-9-13-7-1-2-8-14-10-4-6-12/h13-14H,1-12H2",9/2/2014 5:20
371,stachyose,FEM_long,jan,2.4,NA,"InChI=1S/C24H42O21/c25-1-6-10(28)14(32)17(35)21(41-6)39-3-8-11(29)15(33)18(36)22(42-8)40-4-9-12(30)16(34)19(37)23(43-9)45-24(5-27)20(38)13(31)7(2-26)44-24/h6-23,25-38H,1-5H2",9/2/2014 5:20
372,succinic acid,FEM_long,jan,4.975,NA,"InChI=1S/C4H6O4/c5-3(6)1-2-4(7)8/h1-2H2,(H,5,6)(H,7,8)",9/2/2014 5:20
373,sucrose,FEM_long,jan,1.9,NA,"InChI=1S/C12H22O11/c13-1-4-6(16)8(18)9(19)11(21-4)23-12(3-15)10(20)7(17)5(2-14)22-12/h4-11,13-20H,1-3H2",5/17/2016 4:08
374,syringaldazine,FEM_long,jan,35.49,NA,"InChI=1S/C18H20N2O6/c1-23-13-5-11(6-14(24-2)17(13)21)9-19-20-10-12-7-15(25-3)18(22)16(8-12)26-4/h5-10,21-22H,1-4H3",9/2/2014 5:20
375,syringaldehyde,FEM_long,jan,23.5,NA,"InChI=1S/C9H10O4/c1-12-7-3-6(5-10)4-8(13-2)9(7)11/h3-5,11H,1-2H3",9/2/2014 5:20
376,syringetin,FEM_long,jan,37.4,NA,"InChI=1S/C17H14O8/c1-23-11-3-7(4-12(24-2)14(11)20)17-16(22)15(21)13-9(19)5-8(18)6-10(13)25-17/h3-6,18-20,22H,1-2H3",9/2/2014 5:20
377,syringetin-3-galactoside,FEM_long,jan,31.5675,NA,"InChI=1S/C23H24O13/c1-32-12-3-8(4-13(33-2)16(12)27)21-22(18(29)15-10(26)5-9(25)6-11(15)34-21)36-23-20(31)19(30)17(28)14(7-24)35-23/h3-6,14,17,19-20,23-28,30-31H,7H2,1-2H3",11/29/2018 13:18
378,taurocholic acid,FEM_long,jan,42.3,NA,"InChI=1S/C26H45NO7S/c1-15(4-7-23(31)27-10-11-35(32,33)34)18-5-6-19-24-20(14-22(30)26(18,19)3)25(2)9-8-17(28)12-16(25)13-21(24)29/h15-22,24,28-30H,4-14H2,1-3H3,(H,27,31)(H,32,33,34)",9/2/2014 5:20
379,tert-butylhydroquinone,FEM_long,jan,30.5,NA,"InChI=1S/C10H14O2/c1-10(2,3)8-6-7(11)4-5-9(8)12/h4-6,11-12H,1-3H3",9/2/2014 5:20
380,theobromine,FEM_long,jan,15.3,NA,"InChI=1S/C7H8N4O2/c1-10-3-8-5-4(10)6(12)9-7(13)11(5)2/h3H,1-2H3,(H,9,12,13)",9/2/2014 5:20
381,theophylline,FEM_long,jan,17.8,NA,"InChI=1S/C7H8N4O2/c1-10-5-4(8-3-9-5)6(12)11(2)7(10)13/h3H,1-2H3,(H,8,9)",9/2/2014 5:20
382,thiamine,FEM_long,jan,1.6,NA,"InChI=1S/C12H17N4OS/c1-8-11(3-4-17)18-7-16(8)6-10-5-14-9(2)15-12(10)13/h5,7,17H,3-4,6H2,1-2H3,(H2,13,14,15)",9/2/2014 5:20
383,threonic acid,FEM_long,jan,1.45,NA,"InChI=1S/C4H8O5/c5-1-2(6)3(7)4(8)9/h2-3,5-7H,1H2,(H,8,9)",9/2/2014 5:20
384,threose,FEM_long,jan,1.47,NA,"InChI=1S/C4H8O4/c5-1-3(7)4(8)2-6/h1,3-4,6-8H,2H2",9/2/2014 5:20
385,trans-terpin,FEM_long,jan,27.9,NA,"InChI=1S/C10H20O2/c1-9(2,11)8-4-6-10(3,12)7-5-8/h8,11-12H,4-7H2,1-3H3",9/2/2014 5:20
386,trigonelline,FEM_long,jan,1.67,NA,"InChI=1S/C7H7NO2/c1-8-4-2-3-6(5-8)7(9)10/h2-5H,1H3",9/2/2014 5:20
387,trypthophol,FEM_long,jan,26.215,NA,"InChI=1S/C10H11NO/c12-6-5-8-7-11-10-4-2-1-3-9(8)10/h1-4,7,11-12H,5-6H2",9/2/2014 5:20
388,tyramine,FEM_long,jan,6.2,NA,"InChI=1S/C8H11NO/c9-6-5-7-1-3-8(10)4-2-7/h1-4,10H,5-6,9H2",9/2/2014 5:20
389,tyrosol,FEM_long,jan,17.5,NA,"InChI=1S/C8H10O2/c9-6-5-7-1-3-8(10)4-2-7/h1-4,9-10H,5-6H2",9/2/2014 5:20
390,umbelliferone,FEM_long,jan,23.9,NA,"InChI=1S/C9H6O3/c10-7-3-1-6-2-4-9(11)12-8(6)5-7/h1-5,10H",9/2/2014 5:20
391,uracil,FEM_long,jan,2.975,NA,"InChI=1S/C4H4N2O2/c7-3-1-2-5-4(8)6-3/h1-2H,(H2,5,6,7,8)",9/2/2014 5:20
392,urea,FEM_long,jan,1.3,NA,"InChI=1S/CH4N2O/c2-1(3)4/h(H4,2,3,4)",9/2/2014 5:20
393,urethane,FEM_long,jan,7.1,NA,"InChI=1S/C3H7NO2/c1-2-6-3(4)5/h2H2,1H3,(H2,4,5)",9/2/2014 5:20
394,uric acid,FEM_long,jan,1.62,NA,"InChI=1S/C5H4N4O3/c10-3-1-2(7-4(11)6-1)8-5(12)9-3/h(H4,6,7,8,9,10,11,12)",11/8/2018 11:39
395,uridine,FEM_long,jan,7.005,NA,"InChI=1S/C9H12N2O6/c12-3-4-6(14)7(15)8(17-4)11-2-1-5(13)10-9(11)16/h1-2,4,6-8,12,14-15H,3H2,(H,10,13,16)",6/8/2015 9:09
396,ursolic acid,FEM_long,jan,53.6,NA,"InChI=1S/C30H48O3/c1-18-10-15-30(25(32)33)17-16-28(6)20(24(30)19(18)2)8-9-22-27(5)13-12-23(31)26(3,4)21(27)11-14-29(22,28)7/h8,18-19,21-24,31H,9-17H2,1-7H3,(H,32,33)",9/2/2014 5:20
397,vanillic acid,FEM_long,jan,20.3,NA,"InChI=1S/C8H8O4/c1-12-7-4-5(8(10)11)2-3-6(7)9/h2-4,9H,1H3,(H,10,11)",11/29/2018 9:43
398,vanillin,FEM_long,jan,21.505,NA,"InChI=1S/C8H8O3/c1-11-8-4-6(5-9)2-3-7(8)10/h2-5,10H,1H3",9/2/2014 5:20
399,vaticanol C like isomer,FEM_long,jan,28.99,NA,"InChI=1S/C56H42O12/c57-31-9-1-25(2-10-31)43-47-39(65)23-41-49(45(29-17-35(61)21-36(62)18-29)55(67-41)27-5-13-33(59)14-6-27)53(47)52-44(26-3-11-32(58)12-4-26)51(43)54-48(52)40(66)24-42-50(54)46(30-19-37(63)22-38(64)20-30)56(68-42)28-7-15-34(60)16-8-28/h1-24,43-46,51-52,55-66H",9/2/2014 5:20
400,vitamin B12,FEM_long,jan,21.7,NA,"InChI=1S/C62H90N13O14P/c1-29-20-39-40(21-30(29)2)75(28-70-39)57-52(84)53(41(27-76)87-57)89-90(85,86)88-31(3)26-69-49(83)18-19-59(8)37(22-46(66)80)56-62(11)61(10,25-48(68)82)36(14-17-45(65)79)51(74-62)33(5)55-60(9,24-47(67)81)34(12-15-43(63)77)38(71-55)23-42-58(6,7)35(13-16-44(64)78)50(72-42)32(4)54(59)73-56/h20-21,23,28,31,34-37,41,52-53,56-57,76,84H,12-19,22,24-27H2,1-11H3,(H15,63,64,65,66,67,68,69,71,72,73,74,77,78,79,80,81,82,83,85,86)",9/2/2014 5:20
401,vitamin K1,FEM_long,jan,57.7,NA,"InChI=1S/C31H46O2/c1-22(2)12-9-13-23(3)14-10-15-24(4)16-11-17-25(5)20-21-27-26(6)30(32)28-18-7-8-19-29(28)31(27)33/h7-8,18-20,22-24H,9-17,21H2,1-6H3",9/2/2014 5:20
402,xanthine,FEM_long,jan,6.015,NA,"InChI=1S/C5H4N4O2/c10-4-2-3(7-1-6-2)8-5(11)9-4/h1H,(H3,6,7,8,9,10,11)",9/2/2014 5:20
403,xylose,FEM_long,jan,1.4,NA,"InChI=1S/C5H10O5/c6-2-1-10-5(9)4(8)3(2)7/h2-9H,1H2",9/2/2014 5:20
404,Î±-threitol,FEM_long,jan,1.41,NA,"InChI=1S/C4H10O4/c5-1-3(7)4(8)2-6/h3-8H,1-2H2",9/2/2014 5:20
405,"3,4 dihydroxybenzaldehyde",FEM_long,jan,16.2,NA,"InChI=1S/C7H6O3/c8-4-5-1-2-6(9)7(10)3-5/h1-4,9-10H",9/2/2014 5:20
406,cis-acotinic acid,FEM_long,jan,4.4,NA,"InChI=1S/C6H6O6/c7-4(8)1-3(6(11)12)2-5(9)10/h1H,2H2,(H,7,8)(H,9,10)(H,11,12)",11/8/2018 11:39
407,glycolic acid,FEM_long,jan,2.3,NA,"InChI=1S/C2H4O3/c3-1-2(4)5/h3H,1H2,(H,4,5)",9/2/2014 5:20
408,glyoxylic acid,FEM_long,jan,1.3,NA,"InChI=1S/C2H2O3/c3-1-2(4)5/h1H,(H,4,5)",9/2/2014 5:20
409,lignoceric acid,FEM_long,jan,60.2,NA,"InChI=1S/C24H48O2/c1-2-3-4-5-6-7-8-9-10-11-12-13-14-15-16-17-18-19-20-21-22-23-24(25)26/h2-23H2,1H3,(H,25,26)",9/2/2014 5:20
410,oxalic acid,FEM_long,jan,1.3,NA,"InChI=1S/C2H2O4/c3-1(4)2(5)6/h(H,3,4)(H,5,6)",9/2/2014 5:20
411,Phenyl Î²-D-glucopyranoside,FEM_long,jan,16.4,NA,"InChI=1S/C12H16O6/c13-6-8-9(14)10(15)11(16)12(18-8)17-7-4-2-1-3-5-7/h1-5,8-16H,6H2",9/2/2014 5:20
412,Sodium Taurodeoxycholate,FEM_long,jan,45.6,NA,"InChI=1S/C26H45NO7S/c1-16(4-7-23(30)27-12-13-34-35(31,32)33)19-5-6-20-24-21(9-11-26(19,20)3)25(2)10-8-18(28)14-17(25)15-22(24)29/h16-22,24,28-29H,4-15H2,1-3H3,(H,27,30)(H,31,32,33)",9/2/2014 5:20
